PRAGMA foreign_keys=OFF;
BEGIN TRANSACTION;
CREATE TABLE "consultancies" ("id" INTEGER PRIMARY KEY AUTOINCREMENT NOT NULL, "seminar_id" integer, "created_at" datetime NOT NULL, "updated_at" datetime NOT NULL);
INSERT INTO "consultancies" VALUES(1,1,'2017-08-20 17:28:31.841604','2017-08-20 17:28:31.841604');
CREATE TABLE "label_objectives" ("id" INTEGER PRIMARY KEY AUTOINCREMENT NOT NULL, "objective_id" integer, "label_id" integer, "quantity" integer, "point_value" integer, "created_at" datetime NOT NULL, "updated_at" datetime NOT NULL);
INSERT INTO "label_objectives" VALUES(1,1,3,2,2,'2017-08-20 17:28:30.564682','2017-08-20 17:28:30.564682');
INSERT INTO "label_objectives" VALUES(2,1,4,3,1,'2017-08-20 17:28:30.577117','2017-08-20 17:28:30.577117');
INSERT INTO "label_objectives" VALUES(3,2,5,3,2,'2017-08-20 17:28:30.588848','2017-08-20 17:28:30.588848');
INSERT INTO "label_objectives" VALUES(4,2,6,2,2,'2017-08-20 17:28:30.599995','2017-08-20 17:28:30.599995');
INSERT INTO "label_objectives" VALUES(5,3,3,2,1,'2017-08-20 17:28:30.608948','2017-08-20 17:28:30.608948');
INSERT INTO "label_objectives" VALUES(6,3,4,1,2,'2017-08-20 17:28:30.619583','2017-08-20 17:28:30.619583');
INSERT INTO "label_objectives" VALUES(7,3,5,2,3,'2017-08-20 17:28:30.630848','2017-08-20 17:28:30.630848');
INSERT INTO "label_objectives" VALUES(8,3,6,1,4,'2017-08-20 17:28:30.639925','2017-08-20 17:28:30.639925');
CREATE TABLE "label_pictures" ("label_id" integer, "picture_id" integer, "created_at" datetime NOT NULL, "updated_at" datetime NOT NULL);
INSERT INTO "label_pictures" VALUES(1,1,'2017-08-20 17:28:31.008891','2017-08-20 17:28:31.008891');
INSERT INTO "label_pictures" VALUES(1,2,'2017-08-20 17:28:31.027632','2017-08-20 17:28:31.027632');
INSERT INTO "label_pictures" VALUES(2,3,'2017-08-20 17:28:31.053987','2017-08-20 17:28:31.053987');
CREATE TABLE "labels" ("id" INTEGER PRIMARY KEY AUTOINCREMENT NOT NULL, "name" varchar, "extent" varchar, "user_id" integer, "created_at" datetime NOT NULL, "updated_at" datetime NOT NULL);
INSERT INTO "labels" VALUES(1,'Label for Pictures','public',1,'2017-08-20 17:28:30.441148','2017-08-20 17:28:30.441148');
INSERT INTO "labels" VALUES(2,'Other Label for Pictures','public',1,'2017-08-20 17:28:30.452913','2017-08-20 17:28:30.452913');
INSERT INTO "labels" VALUES(3,'Adding Numbers','public',1,'2017-08-20 17:28:30.464967','2017-08-20 17:28:30.464967');
INSERT INTO "labels" VALUES(4,'Subtracting Numbers','public',1,'2017-08-20 17:28:30.485448','2017-08-20 17:28:30.485448');
INSERT INTO "labels" VALUES(5,'Multiplying Numbers','public',1,'2017-08-20 17:28:30.497554','2017-08-20 17:28:30.497554');
INSERT INTO "labels" VALUES(6,'Dividing Numbers','public',1,'2017-08-20 17:28:30.508974','2017-08-20 17:28:30.508974');
INSERT INTO "labels" VALUES(7,'Intercept from Graphs','public',5,'2017-08-20 17:28:30.521714','2017-08-20 17:28:30.521714');
INSERT INTO "labels" VALUES(8,'Intercept from Equations','public',5,'2017-08-20 17:28:30.532294','2017-08-20 17:28:30.532294');
INSERT INTO "labels" VALUES(9,'Intercept from Tables','public',5,'2017-08-20 17:28:30.541428','2017-08-20 17:28:30.541428');
CREATE TABLE "objective_seminars" ("id" INTEGER PRIMARY KEY AUTOINCREMENT NOT NULL, "seminar_id" integer, "objective_id" integer, "priority" integer, "pretest" integer, "created_at" datetime NOT NULL, "updated_at" datetime NOT NULL);
INSERT INTO "objective_seminars" VALUES(1,1,1,2,1,'2017-08-20 17:27:52.902772','2017-08-20 17:37:25.423489');
INSERT INTO "objective_seminars" VALUES(2,1,2,2,0,'2017-08-20 17:27:52.963542','2017-08-20 17:27:52.963542');
INSERT INTO "objective_seminars" VALUES(3,1,3,2,0,'2017-08-20 17:27:52.992766','2017-08-20 17:27:52.992766');
INSERT INTO "objective_seminars" VALUES(4,1,4,2,0,'2017-08-20 17:27:53.018918','2017-08-20 17:27:53.018918');
INSERT INTO "objective_seminars" VALUES(5,1,5,2,0,'2017-08-20 17:27:53.043171','2017-08-20 17:27:53.043171');
INSERT INTO "objective_seminars" VALUES(6,1,6,2,0,'2017-08-20 17:27:53.068525','2017-08-20 17:27:53.068525');
INSERT INTO "objective_seminars" VALUES(7,1,7,2,0,'2017-08-20 17:27:53.097529','2017-08-20 17:27:53.097529');
INSERT INTO "objective_seminars" VALUES(8,1,8,2,0,'2017-08-20 17:27:53.124864','2017-08-20 17:27:53.124864');
INSERT INTO "objective_seminars" VALUES(9,2,9,2,0,'2017-08-20 17:27:53.153176','2017-08-20 17:27:53.153176');
INSERT INTO "objective_seminars" VALUES(10,2,10,2,0,'2017-08-20 17:27:53.182071','2017-08-20 17:27:53.182071');
INSERT INTO "objective_seminars" VALUES(11,2,11,2,0,'2017-08-20 17:27:53.207938','2017-08-20 17:27:53.207938');
INSERT INTO "objective_seminars" VALUES(12,2,12,2,0,'2017-08-20 17:27:53.272303','2017-08-20 17:27:53.272303');
INSERT INTO "objective_seminars" VALUES(13,2,13,2,0,'2017-08-20 17:27:53.302007','2017-08-20 17:27:53.302007');
INSERT INTO "objective_seminars" VALUES(14,3,14,2,0,'2017-08-20 17:27:53.333408','2017-08-20 17:27:53.333408');
INSERT INTO "objective_seminars" VALUES(15,3,15,2,0,'2017-08-20 17:27:53.365404','2017-08-20 17:27:53.365404');
INSERT INTO "objective_seminars" VALUES(16,3,16,2,0,'2017-08-20 17:27:53.392234','2017-08-20 17:27:53.392234');
INSERT INTO "objective_seminars" VALUES(17,3,17,2,0,'2017-08-20 17:27:53.419498','2017-08-20 17:27:53.419498');
INSERT INTO "objective_seminars" VALUES(18,3,18,2,0,'2017-08-20 17:27:53.452234','2017-08-20 17:27:53.452234');
CREATE TABLE "objective_students" ("id" INTEGER PRIMARY KEY AUTOINCREMENT NOT NULL, "objective_id" integer, "user_id" integer, "points" integer, "unlocked" integer, "created_at" datetime NOT NULL, "updated_at" datetime NOT NULL);
INSERT INTO "objective_students" VALUES(1,1,14,9,NULL,'2017-08-20 17:28:22.599402','2017-08-24 02:15:30.584183');
INSERT INTO "objective_students" VALUES(2,2,14,0,NULL,'2017-08-20 17:28:22.611350','2017-08-20 17:28:22.611350');
INSERT INTO "objective_students" VALUES(3,3,14,7,NULL,'2017-08-20 17:28:22.622462','2017-08-20 17:28:22.622462');
INSERT INTO "objective_students" VALUES(4,4,14,0,NULL,'2017-08-20 17:28:22.633932','2017-08-20 17:28:22.633932');
INSERT INTO "objective_students" VALUES(5,5,14,5,NULL,'2017-08-20 17:28:22.648135','2017-08-20 17:28:22.648135');
INSERT INTO "objective_students" VALUES(6,6,14,0,NULL,'2017-08-20 17:28:22.660034','2017-08-20 17:28:22.660034');
INSERT INTO "objective_students" VALUES(7,7,14,5,NULL,'2017-08-20 17:28:22.684546','2017-08-20 17:28:22.684546');
INSERT INTO "objective_students" VALUES(8,8,14,0,NULL,'2017-08-20 17:28:22.697489','2017-08-20 17:28:22.697489');
INSERT INTO "objective_students" VALUES(9,1,15,10,NULL,'2017-08-20 17:28:22.725039','2017-08-20 17:28:22.725039');
INSERT INTO "objective_students" VALUES(10,2,15,10,NULL,'2017-08-20 17:28:22.737856','2017-08-20 17:28:22.737856');
INSERT INTO "objective_students" VALUES(11,3,15,10,NULL,'2017-08-20 17:28:22.749073','2017-08-20 17:28:22.749073');
INSERT INTO "objective_students" VALUES(12,4,15,7,NULL,'2017-08-20 17:28:22.760894','2017-08-20 17:28:22.760894');
INSERT INTO "objective_students" VALUES(13,5,15,5,NULL,'2017-08-20 17:28:22.773177','2017-08-20 17:28:22.773177');
INSERT INTO "objective_students" VALUES(14,6,15,0,NULL,'2017-08-20 17:28:22.784820','2017-08-20 17:28:22.784820');
INSERT INTO "objective_students" VALUES(15,7,15,10,NULL,'2017-08-20 17:28:22.798729','2017-08-20 17:28:22.798729');
INSERT INTO "objective_students" VALUES(16,8,15,5,NULL,'2017-08-20 17:28:22.815563','2017-08-20 17:28:22.815563');
INSERT INTO "objective_students" VALUES(17,1,16,5,NULL,'2017-08-20 17:28:22.845508','2017-08-20 17:28:22.845508');
INSERT INTO "objective_students" VALUES(18,2,16,0,NULL,'2017-08-20 17:28:22.860299','2017-08-20 17:28:22.860299');
INSERT INTO "objective_students" VALUES(19,3,16,5,NULL,'2017-08-20 17:28:22.873863','2017-08-20 17:28:22.873863');
INSERT INTO "objective_students" VALUES(20,4,16,0,NULL,'2017-08-20 17:28:22.886723','2017-08-20 17:28:22.886723');
INSERT INTO "objective_students" VALUES(21,5,16,0,NULL,'2017-08-20 17:28:22.896867','2017-08-20 17:28:22.896867');
INSERT INTO "objective_students" VALUES(22,6,16,0,NULL,'2017-08-20 17:28:22.909280','2017-08-20 17:28:22.909280');
INSERT INTO "objective_students" VALUES(23,7,16,0,NULL,'2017-08-20 17:28:22.922427','2017-08-20 17:28:22.922427');
INSERT INTO "objective_students" VALUES(24,8,16,0,NULL,'2017-08-20 17:28:22.935597','2017-08-20 17:28:22.935597');
INSERT INTO "objective_students" VALUES(25,1,17,5,NULL,'2017-08-20 17:28:22.966228','2017-08-20 17:28:22.966228');
INSERT INTO "objective_students" VALUES(26,2,17,0,NULL,'2017-08-20 17:28:22.980968','2017-08-20 17:28:22.980968');
INSERT INTO "objective_students" VALUES(27,3,17,0,NULL,'2017-08-20 17:28:23.000387','2017-08-20 17:28:23.000387');
INSERT INTO "objective_students" VALUES(28,4,17,7,NULL,'2017-08-20 17:28:23.014947','2017-08-20 17:28:23.014947');
INSERT INTO "objective_students" VALUES(29,5,17,0,NULL,'2017-08-20 17:28:23.031502','2017-08-20 17:28:23.031502');
INSERT INTO "objective_students" VALUES(30,6,17,0,NULL,'2017-08-20 17:28:23.047453','2017-08-20 17:28:23.047453');
INSERT INTO "objective_students" VALUES(31,7,17,0,NULL,'2017-08-20 17:28:23.063264','2017-08-20 17:28:23.063264');
INSERT INTO "objective_students" VALUES(32,8,17,0,NULL,'2017-08-20 17:28:23.079542','2017-08-20 17:28:23.079542');
INSERT INTO "objective_students" VALUES(33,9,17,7,NULL,'2017-08-20 17:28:23.105550','2017-08-20 17:28:23.105550');
INSERT INTO "objective_students" VALUES(34,10,17,0,NULL,'2017-08-20 17:28:23.120757','2017-08-20 17:28:23.120757');
INSERT INTO "objective_students" VALUES(35,11,17,7,NULL,'2017-08-20 17:28:23.135109','2017-08-20 17:28:23.135109');
INSERT INTO "objective_students" VALUES(36,12,17,0,NULL,'2017-08-20 17:28:23.146585','2017-08-20 17:28:23.146585');
INSERT INTO "objective_students" VALUES(37,13,17,7,NULL,'2017-08-20 17:28:23.157560','2017-08-20 17:28:23.157560');
INSERT INTO "objective_students" VALUES(38,1,18,10,NULL,'2017-08-20 17:28:23.188571','2017-08-20 17:28:23.188571');
INSERT INTO "objective_students" VALUES(39,2,18,0,NULL,'2017-08-20 17:28:23.216371','2017-08-20 17:28:23.216371');
INSERT INTO "objective_students" VALUES(40,3,18,10,NULL,'2017-08-20 17:28:23.228281','2017-08-20 17:28:23.228281');
INSERT INTO "objective_students" VALUES(41,4,18,7,NULL,'2017-08-20 17:28:23.240429','2017-08-20 17:28:23.240429');
INSERT INTO "objective_students" VALUES(42,5,18,7,NULL,'2017-08-20 17:28:23.252500','2017-08-20 17:28:23.252500');
INSERT INTO "objective_students" VALUES(43,6,18,7,NULL,'2017-08-20 17:28:23.263983','2017-08-20 17:28:23.263983');
INSERT INTO "objective_students" VALUES(44,7,18,10,NULL,'2017-08-20 17:28:23.274656','2017-08-20 17:28:23.274656');
INSERT INTO "objective_students" VALUES(45,8,18,10,NULL,'2017-08-20 17:28:23.284156','2017-08-20 17:28:23.284156');
INSERT INTO "objective_students" VALUES(46,9,18,7,NULL,'2017-08-20 17:28:23.305833','2017-08-20 17:28:23.305833');
INSERT INTO "objective_students" VALUES(47,10,18,10,NULL,'2017-08-20 17:28:23.325631','2017-08-20 17:28:23.325631');
INSERT INTO "objective_students" VALUES(48,11,18,7,NULL,'2017-08-20 17:28:23.337277','2017-08-20 17:28:23.337277');
INSERT INTO "objective_students" VALUES(49,12,18,10,NULL,'2017-08-20 17:28:23.349612','2017-08-20 17:28:23.349612');
INSERT INTO "objective_students" VALUES(50,13,18,10,NULL,'2017-08-20 17:28:23.361200','2017-08-20 17:28:23.361200');
INSERT INTO "objective_students" VALUES(51,1,19,5,NULL,'2017-08-20 17:28:23.377247','2017-08-20 17:28:23.377247');
INSERT INTO "objective_students" VALUES(52,2,19,5,NULL,'2017-08-20 17:28:23.390227','2017-08-20 17:28:23.390227');
INSERT INTO "objective_students" VALUES(53,3,19,10,NULL,'2017-08-20 17:28:23.400034','2017-08-20 17:28:23.400034');
INSERT INTO "objective_students" VALUES(54,4,19,5,NULL,'2017-08-20 17:28:23.412880','2017-08-20 17:28:23.412880');
INSERT INTO "objective_students" VALUES(55,5,19,7,NULL,'2017-08-20 17:28:23.424655','2017-08-20 17:28:23.424655');
INSERT INTO "objective_students" VALUES(56,6,19,10,NULL,'2017-08-20 17:28:23.440934','2017-08-20 17:28:23.440934');
INSERT INTO "objective_students" VALUES(57,7,19,10,NULL,'2017-08-20 17:28:23.458616','2017-08-20 17:28:23.458616');
INSERT INTO "objective_students" VALUES(58,8,19,0,NULL,'2017-08-20 17:28:23.469129','2017-08-20 17:28:23.469129');
INSERT INTO "objective_students" VALUES(59,1,20,5,NULL,'2017-08-20 17:28:23.496104','2017-08-20 17:28:23.496104');
INSERT INTO "objective_students" VALUES(60,2,20,10,NULL,'2017-08-20 17:28:23.508213','2017-08-20 17:28:23.508213');
INSERT INTO "objective_students" VALUES(61,3,20,10,NULL,'2017-08-20 17:28:23.519642','2017-08-20 17:28:23.519642');
INSERT INTO "objective_students" VALUES(62,4,20,10,NULL,'2017-08-20 17:28:23.529259','2017-08-20 17:28:23.529259');
INSERT INTO "objective_students" VALUES(63,5,20,10,NULL,'2017-08-20 17:28:23.540728','2017-08-20 17:28:23.540728');
INSERT INTO "objective_students" VALUES(64,6,20,10,NULL,'2017-08-20 17:28:23.552560','2017-08-20 17:28:23.552560');
INSERT INTO "objective_students" VALUES(65,7,20,0,NULL,'2017-08-20 17:28:23.564245','2017-08-20 17:28:23.564245');
INSERT INTO "objective_students" VALUES(66,8,20,10,NULL,'2017-08-20 17:28:23.575786','2017-08-20 17:28:23.575786');
INSERT INTO "objective_students" VALUES(67,1,21,7,NULL,'2017-08-20 17:28:23.600172','2017-08-20 17:28:23.600172');
INSERT INTO "objective_students" VALUES(68,2,21,7,NULL,'2017-08-20 17:28:23.615914','2017-08-20 17:28:23.615914');
INSERT INTO "objective_students" VALUES(69,3,21,10,NULL,'2017-08-20 17:28:23.626679','2017-08-20 17:28:23.626679');
INSERT INTO "objective_students" VALUES(70,4,21,10,NULL,'2017-08-20 17:28:23.637007','2017-08-20 17:28:23.637007');
INSERT INTO "objective_students" VALUES(71,5,21,0,NULL,'2017-08-20 17:28:23.650290','2017-08-20 17:28:23.650290');
INSERT INTO "objective_students" VALUES(72,6,21,10,NULL,'2017-08-20 17:28:23.663152','2017-08-20 17:28:23.663152');
INSERT INTO "objective_students" VALUES(73,7,21,0,NULL,'2017-08-20 17:28:23.681198','2017-08-20 17:28:23.681198');
INSERT INTO "objective_students" VALUES(74,8,21,10,NULL,'2017-08-20 17:28:23.694111','2017-08-20 17:28:23.694111');
INSERT INTO "objective_students" VALUES(75,1,22,10,NULL,'2017-08-20 17:28:23.721084','2017-08-20 17:28:23.721084');
INSERT INTO "objective_students" VALUES(76,2,22,10,NULL,'2017-08-20 17:28:23.732859','2017-08-20 17:28:23.732859');
INSERT INTO "objective_students" VALUES(77,3,22,10,NULL,'2017-08-20 17:28:23.746105','2017-08-20 17:28:23.746105');
INSERT INTO "objective_students" VALUES(78,4,22,10,NULL,'2017-08-20 17:28:23.755831','2017-08-20 17:28:23.755831');
INSERT INTO "objective_students" VALUES(79,5,22,0,NULL,'2017-08-20 17:28:23.768727','2017-08-20 17:28:23.768727');
INSERT INTO "objective_students" VALUES(80,6,22,10,NULL,'2017-08-20 17:28:23.782090','2017-08-20 17:28:23.782090');
INSERT INTO "objective_students" VALUES(81,7,22,10,NULL,'2017-08-20 17:28:23.794019','2017-08-20 17:28:23.794019');
INSERT INTO "objective_students" VALUES(82,8,22,10,NULL,'2017-08-20 17:28:23.806870','2017-08-20 17:28:23.806870');
INSERT INTO "objective_students" VALUES(83,1,23,10,NULL,'2017-08-20 17:28:23.833388','2017-08-20 17:28:23.833388');
INSERT INTO "objective_students" VALUES(84,2,23,7,NULL,'2017-08-20 17:28:23.846698','2017-08-20 17:28:23.846698');
INSERT INTO "objective_students" VALUES(85,3,23,10,NULL,'2017-08-20 17:28:23.864829','2017-08-20 17:28:23.864829');
INSERT INTO "objective_students" VALUES(86,4,23,10,NULL,'2017-08-20 17:28:23.879334','2017-08-20 17:28:23.879334');
INSERT INTO "objective_students" VALUES(87,5,23,10,NULL,'2017-08-20 17:28:23.890970','2017-08-20 17:28:23.890970');
INSERT INTO "objective_students" VALUES(88,6,23,0,NULL,'2017-08-20 17:28:23.903052','2017-08-20 17:28:23.903052');
INSERT INTO "objective_students" VALUES(89,7,23,7,NULL,'2017-08-20 17:28:23.917953','2017-08-20 17:28:23.917953');
INSERT INTO "objective_students" VALUES(90,8,23,7,NULL,'2017-08-20 17:28:23.932382','2017-08-20 17:28:23.932382');
INSERT INTO "objective_students" VALUES(91,1,24,0,NULL,'2017-08-20 17:28:23.974816','2017-08-20 17:28:23.974816');
INSERT INTO "objective_students" VALUES(92,2,24,0,NULL,'2017-08-20 17:28:23.995408','2017-08-20 17:28:23.995408');
INSERT INTO "objective_students" VALUES(93,3,24,0,NULL,'2017-08-20 17:28:24.021859','2017-08-20 17:28:24.021859');
INSERT INTO "objective_students" VALUES(94,4,24,0,NULL,'2017-08-20 17:28:24.035597','2017-08-20 17:28:24.035597');
INSERT INTO "objective_students" VALUES(95,5,24,0,NULL,'2017-08-20 17:28:24.047183','2017-08-20 17:28:24.047183');
INSERT INTO "objective_students" VALUES(96,6,24,0,NULL,'2017-08-20 17:28:24.059016','2017-08-20 17:28:24.059016');
INSERT INTO "objective_students" VALUES(97,7,24,0,NULL,'2017-08-20 17:28:24.074101','2017-08-20 17:28:24.074101');
INSERT INTO "objective_students" VALUES(98,8,24,0,NULL,'2017-08-20 17:28:24.087445','2017-08-20 17:28:24.087445');
INSERT INTO "objective_students" VALUES(99,1,25,5,NULL,'2017-08-20 17:28:24.103174','2017-08-20 17:28:24.103174');
INSERT INTO "objective_students" VALUES(100,2,25,5,NULL,'2017-08-20 17:28:24.117654','2017-08-20 17:28:24.117654');
INSERT INTO "objective_students" VALUES(101,3,25,10,NULL,'2017-08-20 17:28:24.130834','2017-08-20 17:28:24.130834');
INSERT INTO "objective_students" VALUES(102,4,25,0,NULL,'2017-08-20 17:28:24.141518','2017-08-20 17:28:24.141518');
INSERT INTO "objective_students" VALUES(103,5,25,0,NULL,'2017-08-20 17:28:24.158278','2017-08-20 17:28:24.158278');
INSERT INTO "objective_students" VALUES(104,6,25,5,NULL,'2017-08-20 17:28:24.172544','2017-08-20 17:28:24.172544');
INSERT INTO "objective_students" VALUES(105,7,25,7,NULL,'2017-08-20 17:28:24.185603','2017-08-20 17:28:24.185603');
INSERT INTO "objective_students" VALUES(106,8,25,7,NULL,'2017-08-20 17:28:24.198169','2017-08-20 17:28:24.198169');
INSERT INTO "objective_students" VALUES(107,1,26,10,NULL,'2017-08-20 17:28:24.229938','2017-08-20 17:28:24.229938');
INSERT INTO "objective_students" VALUES(108,2,26,10,NULL,'2017-08-20 17:28:24.242785','2017-08-20 17:28:24.242785');
INSERT INTO "objective_students" VALUES(109,3,26,10,NULL,'2017-08-20 17:28:24.252711','2017-08-20 17:28:24.252711');
INSERT INTO "objective_students" VALUES(110,4,26,10,NULL,'2017-08-20 17:28:24.264860','2017-08-20 17:28:24.264860');
INSERT INTO "objective_students" VALUES(111,5,26,7,NULL,'2017-08-20 17:28:24.277197','2017-08-20 17:28:24.277197');
INSERT INTO "objective_students" VALUES(112,6,26,10,NULL,'2017-08-20 17:28:24.289853','2017-08-20 17:28:24.289853');
INSERT INTO "objective_students" VALUES(113,7,26,10,NULL,'2017-08-20 17:28:24.302843','2017-08-20 17:28:24.302843');
INSERT INTO "objective_students" VALUES(114,8,26,7,NULL,'2017-08-20 17:28:24.314024','2017-08-20 17:28:24.314024');
INSERT INTO "objective_students" VALUES(115,1,27,0,NULL,'2017-08-20 17:28:24.341773','2017-08-20 17:28:24.341773');
INSERT INTO "objective_students" VALUES(116,2,27,0,NULL,'2017-08-20 17:28:24.354708','2017-08-20 17:28:24.354708');
INSERT INTO "objective_students" VALUES(117,3,27,5,NULL,'2017-08-20 17:28:24.365764','2017-08-20 17:28:24.365764');
INSERT INTO "objective_students" VALUES(118,4,27,0,NULL,'2017-08-20 17:28:24.378653','2017-08-20 17:28:24.378653');
INSERT INTO "objective_students" VALUES(119,5,27,0,NULL,'2017-08-20 17:28:24.392842','2017-08-20 17:28:24.392842');
INSERT INTO "objective_students" VALUES(120,6,27,0,NULL,'2017-08-20 17:28:24.405577','2017-08-20 17:28:24.405577');
INSERT INTO "objective_students" VALUES(121,7,27,0,NULL,'2017-08-20 17:28:24.418436','2017-08-20 17:28:24.418436');
INSERT INTO "objective_students" VALUES(122,8,27,5,NULL,'2017-08-20 17:28:24.430626','2017-08-20 17:28:24.430626');
INSERT INTO "objective_students" VALUES(123,1,28,0,NULL,'2017-08-20 17:28:24.447285','2017-08-20 17:28:24.447285');
INSERT INTO "objective_students" VALUES(124,2,28,0,NULL,'2017-08-20 17:28:24.461100','2017-08-20 17:28:24.461100');
INSERT INTO "objective_students" VALUES(125,3,28,10,NULL,'2017-08-20 17:28:24.475083','2017-08-20 17:28:24.475083');
INSERT INTO "objective_students" VALUES(126,4,28,5,NULL,'2017-08-20 17:28:24.485798','2017-08-20 17:28:24.485798');
INSERT INTO "objective_students" VALUES(127,5,28,10,NULL,'2017-08-20 17:28:24.498976','2017-08-20 17:28:24.498976');
INSERT INTO "objective_students" VALUES(128,6,28,0,NULL,'2017-08-20 17:28:24.510635','2017-08-20 17:28:24.510635');
INSERT INTO "objective_students" VALUES(129,7,28,7,NULL,'2017-08-20 17:28:24.521742','2017-08-20 17:28:24.521742');
INSERT INTO "objective_students" VALUES(130,8,28,7,NULL,'2017-08-20 17:28:24.535565','2017-08-20 17:28:24.535565');
INSERT INTO "objective_students" VALUES(131,1,29,7,NULL,'2017-08-20 17:28:24.562386','2017-08-20 17:28:24.562386');
INSERT INTO "objective_students" VALUES(132,2,29,0,NULL,'2017-08-20 17:28:24.574697','2017-08-20 17:28:24.574697');
INSERT INTO "objective_students" VALUES(133,3,29,0,NULL,'2017-08-20 17:28:24.586493','2017-08-20 17:28:24.586493');
INSERT INTO "objective_students" VALUES(134,4,29,0,NULL,'2017-08-20 17:28:24.601263','2017-08-20 17:28:24.601263');
INSERT INTO "objective_students" VALUES(135,5,29,7,NULL,'2017-08-20 17:28:24.613837','2017-08-20 17:28:24.613837');
INSERT INTO "objective_students" VALUES(136,6,29,0,NULL,'2017-08-20 17:28:24.626957','2017-08-20 17:28:24.626957');
INSERT INTO "objective_students" VALUES(137,7,29,0,NULL,'2017-08-20 17:28:24.639565','2017-08-20 17:28:24.639565');
INSERT INTO "objective_students" VALUES(138,8,29,7,NULL,'2017-08-20 17:28:24.652282','2017-08-20 17:28:24.652282');
INSERT INTO "objective_students" VALUES(139,1,30,0,NULL,'2017-08-20 17:28:24.686159','2017-08-20 17:28:24.686159');
INSERT INTO "objective_students" VALUES(140,2,30,7,NULL,'2017-08-20 17:28:24.698139','2017-08-20 17:28:24.698139');
INSERT INTO "objective_students" VALUES(141,3,30,0,NULL,'2017-08-20 17:28:24.712352','2017-08-20 17:28:24.712352');
INSERT INTO "objective_students" VALUES(142,4,30,5,NULL,'2017-08-20 17:28:24.726156','2017-08-20 17:28:24.726156');
INSERT INTO "objective_students" VALUES(143,5,30,0,NULL,'2017-08-20 17:28:24.738360','2017-08-20 17:28:24.738360');
INSERT INTO "objective_students" VALUES(144,6,30,0,NULL,'2017-08-20 17:28:24.750581','2017-08-20 17:28:24.750581');
INSERT INTO "objective_students" VALUES(145,7,30,0,NULL,'2017-08-20 17:28:24.765917','2017-08-20 17:28:24.765917');
INSERT INTO "objective_students" VALUES(146,8,30,0,NULL,'2017-08-20 17:28:24.777951','2017-08-20 17:28:24.777951');
INSERT INTO "objective_students" VALUES(147,1,31,5,NULL,'2017-08-20 17:28:24.813122','2017-08-20 17:28:24.813122');
INSERT INTO "objective_students" VALUES(148,2,31,0,NULL,'2017-08-20 17:28:24.826747','2017-08-20 17:28:24.826747');
INSERT INTO "objective_students" VALUES(149,3,31,5,NULL,'2017-08-20 17:28:24.838088','2017-08-20 17:28:24.838088');
INSERT INTO "objective_students" VALUES(150,4,31,7,NULL,'2017-08-20 17:28:24.849928','2017-08-20 17:28:24.849928');
INSERT INTO "objective_students" VALUES(151,5,31,0,NULL,'2017-08-20 17:28:24.863310','2017-08-20 17:28:24.863310');
INSERT INTO "objective_students" VALUES(152,6,31,5,NULL,'2017-08-20 17:28:24.876180','2017-08-20 17:28:24.876180');
INSERT INTO "objective_students" VALUES(153,7,31,0,NULL,'2017-08-20 17:28:24.885906','2017-08-20 17:28:24.885906');
INSERT INTO "objective_students" VALUES(154,8,31,5,NULL,'2017-08-20 17:28:24.898206','2017-08-20 17:28:24.898206');
INSERT INTO "objective_students" VALUES(155,1,32,7,NULL,'2017-08-20 17:28:24.913406','2017-08-20 17:28:24.913406');
INSERT INTO "objective_students" VALUES(156,2,32,0,NULL,'2017-08-20 17:28:24.925375','2017-08-20 17:28:24.925375');
INSERT INTO "objective_students" VALUES(157,3,32,0,NULL,'2017-08-20 17:28:24.936643','2017-08-20 17:28:24.936643');
INSERT INTO "objective_students" VALUES(158,4,32,5,NULL,'2017-08-20 17:28:24.946658','2017-08-20 17:28:24.946658');
INSERT INTO "objective_students" VALUES(159,5,32,10,NULL,'2017-08-20 17:28:24.955549','2017-08-20 17:28:24.955549');
INSERT INTO "objective_students" VALUES(160,6,32,5,NULL,'2017-08-20 17:28:24.964188','2017-08-20 17:28:24.964188');
INSERT INTO "objective_students" VALUES(161,7,32,5,NULL,'2017-08-20 17:28:24.981790','2017-08-20 17:28:24.981790');
INSERT INTO "objective_students" VALUES(162,8,32,0,NULL,'2017-08-20 17:28:24.992976','2017-08-20 17:28:24.992976');
INSERT INTO "objective_students" VALUES(163,1,33,5,NULL,'2017-08-20 17:28:25.022006','2017-08-20 17:28:25.022006');
INSERT INTO "objective_students" VALUES(164,2,33,0,NULL,'2017-08-20 17:28:25.033369','2017-08-20 17:28:25.033369');
INSERT INTO "objective_students" VALUES(165,3,33,5,NULL,'2017-08-20 17:28:25.044007','2017-08-20 17:28:25.044007');
INSERT INTO "objective_students" VALUES(166,4,33,7,NULL,'2017-08-20 17:28:25.053838','2017-08-20 17:28:25.053838');
INSERT INTO "objective_students" VALUES(167,5,33,0,NULL,'2017-08-20 17:28:25.065194','2017-08-20 17:28:25.065194');
INSERT INTO "objective_students" VALUES(168,6,33,0,NULL,'2017-08-20 17:28:25.076636','2017-08-20 17:28:25.076636');
INSERT INTO "objective_students" VALUES(169,7,33,0,NULL,'2017-08-20 17:28:25.088507','2017-08-20 17:28:25.088507');
INSERT INTO "objective_students" VALUES(170,8,33,5,NULL,'2017-08-20 17:28:25.100891','2017-08-20 17:28:25.100891');
INSERT INTO "objective_students" VALUES(171,1,34,0,NULL,'2017-08-20 17:28:25.120914','2017-08-20 17:28:25.120914');
INSERT INTO "objective_students" VALUES(172,2,34,5,NULL,'2017-08-20 17:28:25.133486','2017-08-20 17:28:25.133486');
INSERT INTO "objective_students" VALUES(173,3,34,7,NULL,'2017-08-20 17:28:25.146440','2017-08-20 17:28:25.146440');
INSERT INTO "objective_students" VALUES(174,4,34,5,NULL,'2017-08-20 17:28:25.162807','2017-08-20 17:28:25.162807');
INSERT INTO "objective_students" VALUES(175,5,34,5,NULL,'2017-08-20 17:28:25.173385','2017-08-20 17:28:25.173385');
INSERT INTO "objective_students" VALUES(176,6,34,10,NULL,'2017-08-20 17:28:25.185250','2017-08-20 17:28:25.185250');
INSERT INTO "objective_students" VALUES(177,7,34,0,NULL,'2017-08-20 17:28:25.197475','2017-08-20 17:28:25.197475');
INSERT INTO "objective_students" VALUES(178,8,34,0,NULL,'2017-08-20 17:28:25.210172','2017-08-20 17:28:25.210172');
INSERT INTO "objective_students" VALUES(179,1,35,0,NULL,'2017-08-20 17:28:25.253012','2017-08-20 17:28:25.253012');
INSERT INTO "objective_students" VALUES(180,2,35,7,NULL,'2017-08-20 17:28:25.266923','2017-08-20 17:28:25.266923');
INSERT INTO "objective_students" VALUES(181,3,35,0,NULL,'2017-08-20 17:28:25.277591','2017-08-20 17:28:25.277591');
INSERT INTO "objective_students" VALUES(182,4,35,10,NULL,'2017-08-20 17:28:25.290366','2017-08-20 17:28:25.290366');
INSERT INTO "objective_students" VALUES(183,5,35,7,NULL,'2017-08-20 17:28:25.301504','2017-08-20 17:28:25.301504');
INSERT INTO "objective_students" VALUES(184,6,35,10,NULL,'2017-08-20 17:28:25.313815','2017-08-20 17:28:25.313815');
INSERT INTO "objective_students" VALUES(185,7,35,0,NULL,'2017-08-20 17:28:25.326660','2017-08-20 17:28:25.326660');
INSERT INTO "objective_students" VALUES(186,8,35,5,NULL,'2017-08-20 17:28:25.337052','2017-08-20 17:28:25.337052');
INSERT INTO "objective_students" VALUES(187,1,36,10,NULL,'2017-08-20 17:28:25.364592','2017-08-20 17:28:25.364592');
INSERT INTO "objective_students" VALUES(188,2,36,10,NULL,'2017-08-20 17:28:25.375920','2017-08-20 17:28:25.375920');
INSERT INTO "objective_students" VALUES(189,3,36,10,NULL,'2017-08-20 17:28:25.388841','2017-08-20 17:28:25.388841');
INSERT INTO "objective_students" VALUES(190,4,36,10,NULL,'2017-08-20 17:28:25.401291','2017-08-20 17:28:25.401291');
INSERT INTO "objective_students" VALUES(191,5,36,0,NULL,'2017-08-20 17:28:25.414689','2017-08-20 17:28:25.414689');
INSERT INTO "objective_students" VALUES(192,6,36,7,NULL,'2017-08-20 17:28:25.429392','2017-08-20 17:28:25.429392');
INSERT INTO "objective_students" VALUES(193,7,36,10,NULL,'2017-08-20 17:28:25.442016','2017-08-20 17:28:25.442016');
INSERT INTO "objective_students" VALUES(194,8,36,0,NULL,'2017-08-20 17:28:25.455288','2017-08-20 17:28:25.455288');
INSERT INTO "objective_students" VALUES(195,1,37,7,NULL,'2017-08-20 17:28:25.471759','2017-08-20 17:28:25.471759');
INSERT INTO "objective_students" VALUES(196,2,37,7,NULL,'2017-08-20 17:28:25.485156','2017-08-20 17:28:25.485156');
INSERT INTO "objective_students" VALUES(197,3,37,0,NULL,'2017-08-20 17:28:25.499122','2017-08-20 17:28:25.499122');
INSERT INTO "objective_students" VALUES(198,4,37,5,NULL,'2017-08-20 17:28:25.511089','2017-08-20 17:28:25.511089');
INSERT INTO "objective_students" VALUES(199,5,37,7,NULL,'2017-08-20 17:28:25.522248','2017-08-20 17:28:25.522248');
INSERT INTO "objective_students" VALUES(200,6,37,0,NULL,'2017-08-20 17:28:25.536617','2017-08-20 17:28:25.536617');
INSERT INTO "objective_students" VALUES(201,7,37,5,NULL,'2017-08-20 17:28:25.550522','2017-08-20 17:28:25.550522');
INSERT INTO "objective_students" VALUES(202,8,37,7,NULL,'2017-08-20 17:28:25.562514','2017-08-20 17:28:25.562514');
INSERT INTO "objective_students" VALUES(203,1,38,5,NULL,'2017-08-20 17:28:25.577714','2017-08-20 17:28:25.577714');
INSERT INTO "objective_students" VALUES(204,2,38,7,NULL,'2017-08-20 17:28:25.589568','2017-08-20 17:28:25.589568');
INSERT INTO "objective_students" VALUES(205,3,38,5,NULL,'2017-08-20 17:28:25.602602','2017-08-20 17:28:25.602602');
INSERT INTO "objective_students" VALUES(206,4,38,0,NULL,'2017-08-20 17:28:25.616777','2017-08-20 17:28:25.616777');
INSERT INTO "objective_students" VALUES(207,5,38,0,NULL,'2017-08-20 17:28:25.630189','2017-08-20 17:28:25.630189');
INSERT INTO "objective_students" VALUES(208,6,38,7,NULL,'2017-08-20 17:28:25.643099','2017-08-20 17:28:25.643099');
INSERT INTO "objective_students" VALUES(209,7,38,0,NULL,'2017-08-20 17:28:25.656931','2017-08-20 17:28:25.656931');
INSERT INTO "objective_students" VALUES(210,8,38,0,NULL,'2017-08-20 17:28:25.670164','2017-08-20 17:28:25.670164');
INSERT INTO "objective_students" VALUES(211,1,39,10,NULL,'2017-08-20 17:28:25.701493','2017-08-20 17:28:25.701493');
INSERT INTO "objective_students" VALUES(212,2,39,0,NULL,'2017-08-20 17:28:25.714904','2017-08-20 17:28:25.714904');
INSERT INTO "objective_students" VALUES(213,3,39,10,NULL,'2017-08-20 17:28:25.728858','2017-08-20 17:28:25.728858');
INSERT INTO "objective_students" VALUES(214,4,39,7,NULL,'2017-08-20 17:28:25.741698','2017-08-20 17:28:25.741698');
INSERT INTO "objective_students" VALUES(215,5,39,10,NULL,'2017-08-20 17:28:25.754784','2017-08-20 17:28:25.754784');
INSERT INTO "objective_students" VALUES(216,6,39,10,NULL,'2017-08-20 17:28:25.765561','2017-08-20 17:28:25.765561');
INSERT INTO "objective_students" VALUES(217,7,39,7,NULL,'2017-08-20 17:28:25.786040','2017-08-20 17:28:25.786040');
INSERT INTO "objective_students" VALUES(218,8,39,10,NULL,'2017-08-20 17:28:25.801574','2017-08-20 17:28:25.801574');
INSERT INTO "objective_students" VALUES(219,1,40,10,NULL,'2017-08-20 17:28:25.829084','2017-08-20 17:28:25.829084');
INSERT INTO "objective_students" VALUES(220,2,40,10,NULL,'2017-08-20 17:28:25.840980','2017-08-20 17:28:25.840980');
INSERT INTO "objective_students" VALUES(221,3,40,10,NULL,'2017-08-20 17:28:25.853281','2017-08-20 17:28:25.853281');
INSERT INTO "objective_students" VALUES(222,4,40,0,NULL,'2017-08-20 17:28:25.866454','2017-08-20 17:28:25.866454');
INSERT INTO "objective_students" VALUES(223,5,40,5,NULL,'2017-08-20 17:28:25.877996','2017-08-20 17:28:25.877996');
INSERT INTO "objective_students" VALUES(224,6,40,10,NULL,'2017-08-20 17:28:25.892528','2017-08-20 17:28:25.892528');
INSERT INTO "objective_students" VALUES(225,7,40,5,NULL,'2017-08-20 17:28:25.904435','2017-08-20 17:28:25.904435');
INSERT INTO "objective_students" VALUES(226,8,40,10,NULL,'2017-08-20 17:28:25.916164','2017-08-20 17:28:25.916164');
INSERT INTO "objective_students" VALUES(227,1,41,5,NULL,'2017-08-20 17:28:25.930587','2017-08-20 17:28:25.930587');
INSERT INTO "objective_students" VALUES(228,2,41,0,NULL,'2017-08-20 17:28:25.941153','2017-08-20 17:28:25.941153');
INSERT INTO "objective_students" VALUES(229,3,41,5,NULL,'2017-08-20 17:28:25.953093','2017-08-20 17:28:25.953093');
INSERT INTO "objective_students" VALUES(230,4,41,10,NULL,'2017-08-20 17:28:25.965156','2017-08-20 17:28:25.965156');
INSERT INTO "objective_students" VALUES(231,5,41,10,NULL,'2017-08-20 17:28:25.977941','2017-08-20 17:28:25.977941');
INSERT INTO "objective_students" VALUES(232,6,41,10,NULL,'2017-08-20 17:28:25.990222','2017-08-20 17:28:25.990222');
INSERT INTO "objective_students" VALUES(233,7,41,0,NULL,'2017-08-20 17:28:26.001520','2017-08-20 17:28:26.001520');
INSERT INTO "objective_students" VALUES(234,8,41,5,NULL,'2017-08-20 17:28:26.023472','2017-08-20 17:28:26.023472');
INSERT INTO "objective_students" VALUES(235,1,42,10,NULL,'2017-08-20 17:28:26.049980','2017-08-20 17:28:26.049980');
INSERT INTO "objective_students" VALUES(236,2,42,7,NULL,'2017-08-20 17:28:26.063057','2017-08-20 17:28:26.063057');
INSERT INTO "objective_students" VALUES(237,3,42,10,NULL,'2017-08-20 17:28:26.076964','2017-08-20 17:28:26.076964');
INSERT INTO "objective_students" VALUES(238,4,42,5,NULL,'2017-08-20 17:28:26.088344','2017-08-20 17:28:26.088344');
INSERT INTO "objective_students" VALUES(239,5,42,5,NULL,'2017-08-20 17:28:26.098359','2017-08-20 17:28:26.098359');
INSERT INTO "objective_students" VALUES(240,6,42,5,NULL,'2017-08-20 17:28:26.109451','2017-08-20 17:28:26.109451');
INSERT INTO "objective_students" VALUES(241,7,42,0,NULL,'2017-08-20 17:28:26.120084','2017-08-20 17:28:26.120084');
INSERT INTO "objective_students" VALUES(242,8,42,10,NULL,'2017-08-20 17:28:26.131760','2017-08-20 17:28:26.131760');
INSERT INTO "objective_students" VALUES(243,9,43,0,NULL,'2017-08-20 17:28:26.146301','2017-08-20 17:28:26.146301');
INSERT INTO "objective_students" VALUES(244,10,43,5,NULL,'2017-08-20 17:28:26.160087','2017-08-20 17:28:26.160087');
INSERT INTO "objective_students" VALUES(245,11,43,7,NULL,'2017-08-20 17:28:26.170132','2017-08-20 17:28:26.170132');
INSERT INTO "objective_students" VALUES(246,12,43,5,NULL,'2017-08-20 17:28:26.181752','2017-08-20 17:28:26.181752');
INSERT INTO "objective_students" VALUES(247,13,43,5,NULL,'2017-08-20 17:28:26.193020','2017-08-20 17:28:26.193020');
INSERT INTO "objective_students" VALUES(248,9,44,10,NULL,'2017-08-20 17:28:26.216342','2017-08-20 17:28:26.216342');
INSERT INTO "objective_students" VALUES(249,10,44,10,NULL,'2017-08-20 17:28:26.226011','2017-08-20 17:28:26.226011');
INSERT INTO "objective_students" VALUES(250,11,44,7,NULL,'2017-08-20 17:28:26.237436','2017-08-20 17:28:26.237436');
INSERT INTO "objective_students" VALUES(251,12,44,10,NULL,'2017-08-20 17:28:26.248535','2017-08-20 17:28:26.248535');
INSERT INTO "objective_students" VALUES(252,13,44,7,NULL,'2017-08-20 17:28:26.259600','2017-08-20 17:28:26.259600');
INSERT INTO "objective_students" VALUES(253,9,45,0,NULL,'2017-08-20 17:28:26.284016','2017-08-20 17:28:26.284016');
INSERT INTO "objective_students" VALUES(254,10,45,0,NULL,'2017-08-20 17:28:26.294398','2017-08-20 17:28:26.294398');
INSERT INTO "objective_students" VALUES(255,11,45,0,NULL,'2017-08-20 17:28:26.306131','2017-08-20 17:28:26.306131');
INSERT INTO "objective_students" VALUES(256,12,45,0,NULL,'2017-08-20 17:28:26.320470','2017-08-20 17:28:26.320470');
INSERT INTO "objective_students" VALUES(257,13,45,7,NULL,'2017-08-20 17:28:26.330098','2017-08-20 17:28:26.330098');
INSERT INTO "objective_students" VALUES(258,9,46,7,NULL,'2017-08-20 17:28:26.352614','2017-08-20 17:28:26.352614');
INSERT INTO "objective_students" VALUES(259,10,46,7,NULL,'2017-08-20 17:28:26.363136','2017-08-20 17:28:26.363136');
INSERT INTO "objective_students" VALUES(260,11,46,7,NULL,'2017-08-20 17:28:26.372473','2017-08-20 17:28:26.372473');
INSERT INTO "objective_students" VALUES(261,12,46,10,NULL,'2017-08-20 17:28:26.385070','2017-08-20 17:28:26.385070');
INSERT INTO "objective_students" VALUES(262,13,46,10,NULL,'2017-08-20 17:28:26.397478','2017-08-20 17:28:26.397478');
INSERT INTO "objective_students" VALUES(263,9,47,0,NULL,'2017-08-20 17:28:26.432162','2017-08-20 17:28:26.432162');
INSERT INTO "objective_students" VALUES(264,10,47,7,NULL,'2017-08-20 17:28:26.445256','2017-08-20 17:28:26.445256');
INSERT INTO "objective_students" VALUES(265,11,47,0,NULL,'2017-08-20 17:28:26.457771','2017-08-20 17:28:26.457771');
INSERT INTO "objective_students" VALUES(266,12,47,5,NULL,'2017-08-20 17:28:26.470365','2017-08-20 17:28:26.470365');
INSERT INTO "objective_students" VALUES(267,13,47,0,NULL,'2017-08-20 17:28:26.481660','2017-08-20 17:28:26.481660');
INSERT INTO "objective_students" VALUES(268,9,48,0,NULL,'2017-08-20 17:28:26.507966','2017-08-20 17:28:26.507966');
INSERT INTO "objective_students" VALUES(269,10,48,0,NULL,'2017-08-20 17:28:26.518829','2017-08-20 17:28:26.518829');
INSERT INTO "objective_students" VALUES(270,11,48,0,NULL,'2017-08-20 17:28:26.530532','2017-08-20 17:28:26.530532');
INSERT INTO "objective_students" VALUES(271,12,48,5,NULL,'2017-08-20 17:28:26.541072','2017-08-20 17:28:26.541072');
INSERT INTO "objective_students" VALUES(272,13,48,5,NULL,'2017-08-20 17:28:26.554404','2017-08-20 17:28:26.554404');
INSERT INTO "objective_students" VALUES(273,9,49,7,NULL,'2017-08-20 17:28:26.571586','2017-08-20 17:28:26.571586');
INSERT INTO "objective_students" VALUES(274,10,49,5,NULL,'2017-08-20 17:28:26.584136','2017-08-20 17:28:26.584136');
INSERT INTO "objective_students" VALUES(275,11,49,0,NULL,'2017-08-20 17:28:26.596933','2017-08-20 17:28:26.596933');
INSERT INTO "objective_students" VALUES(276,12,49,0,NULL,'2017-08-20 17:28:26.609280','2017-08-20 17:28:26.609280');
INSERT INTO "objective_students" VALUES(277,13,49,10,NULL,'2017-08-20 17:28:26.622020','2017-08-20 17:28:26.622020');
INSERT INTO "objective_students" VALUES(278,9,50,10,NULL,'2017-08-20 17:28:26.639971','2017-08-20 17:28:26.639971');
INSERT INTO "objective_students" VALUES(279,10,50,0,NULL,'2017-08-20 17:28:26.657802','2017-08-20 17:28:26.657802');
INSERT INTO "objective_students" VALUES(280,11,50,5,NULL,'2017-08-20 17:28:26.670942','2017-08-20 17:28:26.670942');
INSERT INTO "objective_students" VALUES(281,12,50,5,NULL,'2017-08-20 17:28:26.682266','2017-08-20 17:28:26.682266');
INSERT INTO "objective_students" VALUES(282,13,50,0,NULL,'2017-08-20 17:28:26.694915','2017-08-20 17:28:26.694915');
INSERT INTO "objective_students" VALUES(283,9,51,10,NULL,'2017-08-20 17:28:26.721810','2017-08-20 17:28:26.721810');
INSERT INTO "objective_students" VALUES(284,10,51,0,NULL,'2017-08-20 17:28:26.733571','2017-08-20 17:28:26.733571');
INSERT INTO "objective_students" VALUES(285,11,51,5,NULL,'2017-08-20 17:28:26.745418','2017-08-20 17:28:26.745418');
INSERT INTO "objective_students" VALUES(286,12,51,10,NULL,'2017-08-20 17:28:26.757487','2017-08-20 17:28:26.757487');
INSERT INTO "objective_students" VALUES(287,13,51,0,NULL,'2017-08-20 17:28:26.773366','2017-08-20 17:28:26.773366');
INSERT INTO "objective_students" VALUES(288,9,52,0,NULL,'2017-08-20 17:28:26.800260','2017-08-20 17:28:26.800260');
INSERT INTO "objective_students" VALUES(289,10,52,10,NULL,'2017-08-20 17:28:26.813056','2017-08-20 17:28:26.813056');
INSERT INTO "objective_students" VALUES(290,11,52,10,NULL,'2017-08-20 17:28:26.825554','2017-08-20 17:28:26.825554');
INSERT INTO "objective_students" VALUES(291,12,52,0,NULL,'2017-08-20 17:28:26.837764','2017-08-20 17:28:26.837764');
INSERT INTO "objective_students" VALUES(292,13,52,10,NULL,'2017-08-20 17:28:26.860222','2017-08-20 17:28:26.860222');
INSERT INTO "objective_students" VALUES(293,9,53,10,NULL,'2017-08-20 17:28:26.884608','2017-08-20 17:28:26.884608');
INSERT INTO "objective_students" VALUES(294,10,53,10,NULL,'2017-08-20 17:28:26.896389','2017-08-20 17:28:26.896389');
INSERT INTO "objective_students" VALUES(295,11,53,10,NULL,'2017-08-20 17:28:26.909015','2017-08-20 17:28:26.909015');
INSERT INTO "objective_students" VALUES(296,12,53,0,NULL,'2017-08-20 17:28:26.920807','2017-08-20 17:28:26.920807');
INSERT INTO "objective_students" VALUES(297,13,53,7,NULL,'2017-08-20 17:28:26.934284','2017-08-20 17:28:26.934284');
INSERT INTO "objective_students" VALUES(298,9,54,7,NULL,'2017-08-20 17:28:26.949744','2017-08-20 17:28:26.949744');
INSERT INTO "objective_students" VALUES(299,10,54,5,NULL,'2017-08-20 17:28:26.962131','2017-08-20 17:28:26.962131');
INSERT INTO "objective_students" VALUES(300,11,54,0,NULL,'2017-08-20 17:28:26.975176','2017-08-20 17:28:26.975176');
INSERT INTO "objective_students" VALUES(301,12,54,7,NULL,'2017-08-20 17:28:26.985619','2017-08-20 17:28:26.985619');
INSERT INTO "objective_students" VALUES(302,13,54,5,NULL,'2017-08-20 17:28:26.998665','2017-08-20 17:28:26.998665');
INSERT INTO "objective_students" VALUES(303,9,55,5,NULL,'2017-08-20 17:28:27.029483','2017-08-20 17:28:27.029483');
INSERT INTO "objective_students" VALUES(304,10,55,5,NULL,'2017-08-20 17:28:27.042581','2017-08-20 17:28:27.042581');
INSERT INTO "objective_students" VALUES(305,11,55,5,NULL,'2017-08-20 17:28:27.052964','2017-08-20 17:28:27.052964');
INSERT INTO "objective_students" VALUES(306,12,55,7,NULL,'2017-08-20 17:28:27.065867','2017-08-20 17:28:27.065867');
INSERT INTO "objective_students" VALUES(307,13,55,5,NULL,'2017-08-20 17:28:27.078665','2017-08-20 17:28:27.078665');
INSERT INTO "objective_students" VALUES(308,9,56,10,NULL,'2017-08-20 17:28:27.105950','2017-08-20 17:28:27.105950');
INSERT INTO "objective_students" VALUES(309,10,56,0,NULL,'2017-08-20 17:28:27.120891','2017-08-20 17:28:27.120891');
INSERT INTO "objective_students" VALUES(310,11,56,0,NULL,'2017-08-20 17:28:27.134161','2017-08-20 17:28:27.134161');
INSERT INTO "objective_students" VALUES(311,12,56,10,NULL,'2017-08-20 17:28:27.146806','2017-08-20 17:28:27.146806');
INSERT INTO "objective_students" VALUES(312,13,56,0,NULL,'2017-08-20 17:28:27.159418','2017-08-20 17:28:27.159418');
INSERT INTO "objective_students" VALUES(313,9,57,10,NULL,'2017-08-20 17:28:27.190754','2017-08-20 17:28:27.190754');
INSERT INTO "objective_students" VALUES(314,10,57,7,NULL,'2017-08-20 17:28:27.226402','2017-08-20 17:28:27.226402');
INSERT INTO "objective_students" VALUES(315,11,57,10,NULL,'2017-08-20 17:28:27.242124','2017-08-20 17:28:27.242124');
INSERT INTO "objective_students" VALUES(316,12,57,0,NULL,'2017-08-20 17:28:27.254750','2017-08-20 17:28:27.254750');
INSERT INTO "objective_students" VALUES(317,13,57,7,NULL,'2017-08-20 17:28:27.267506','2017-08-20 17:28:27.267506');
INSERT INTO "objective_students" VALUES(318,9,58,10,NULL,'2017-08-20 17:28:27.307033','2017-08-20 17:28:27.307033');
INSERT INTO "objective_students" VALUES(319,10,58,5,NULL,'2017-08-20 17:28:27.318311','2017-08-20 17:28:27.318311');
INSERT INTO "objective_students" VALUES(320,11,58,10,NULL,'2017-08-20 17:28:27.331060','2017-08-20 17:28:27.331060');
INSERT INTO "objective_students" VALUES(321,12,58,7,NULL,'2017-08-20 17:28:27.341739','2017-08-20 17:28:27.341739');
INSERT INTO "objective_students" VALUES(322,13,58,10,NULL,'2017-08-20 17:28:27.354465','2017-08-20 17:28:27.354465');
INSERT INTO "objective_students" VALUES(323,9,59,7,NULL,'2017-08-20 17:28:27.374933','2017-08-20 17:28:27.374933');
INSERT INTO "objective_students" VALUES(324,10,59,7,NULL,'2017-08-20 17:28:27.385993','2017-08-20 17:28:27.385993');
INSERT INTO "objective_students" VALUES(325,11,59,10,NULL,'2017-08-20 17:28:27.398591','2017-08-20 17:28:27.398591');
INSERT INTO "objective_students" VALUES(326,12,59,0,NULL,'2017-08-20 17:28:27.409345','2017-08-20 17:28:27.409345');
INSERT INTO "objective_students" VALUES(327,13,59,0,NULL,'2017-08-20 17:28:27.421622','2017-08-20 17:28:27.421622');
INSERT INTO "objective_students" VALUES(328,9,60,7,NULL,'2017-08-20 17:28:27.449875','2017-08-20 17:28:27.449875');
INSERT INTO "objective_students" VALUES(329,10,60,7,NULL,'2017-08-20 17:28:27.462308','2017-08-20 17:28:27.462308');
INSERT INTO "objective_students" VALUES(330,11,60,0,NULL,'2017-08-20 17:28:27.474444','2017-08-20 17:28:27.474444');
INSERT INTO "objective_students" VALUES(331,12,60,7,NULL,'2017-08-20 17:28:27.485178','2017-08-20 17:28:27.485178');
INSERT INTO "objective_students" VALUES(332,13,60,7,NULL,'2017-08-20 17:28:27.498351','2017-08-20 17:28:27.498351');
INSERT INTO "objective_students" VALUES(333,14,61,0,NULL,'2017-08-20 17:28:27.515519','2017-08-20 17:28:27.515519');
INSERT INTO "objective_students" VALUES(334,15,61,10,NULL,'2017-08-20 17:28:27.527227','2017-08-20 17:28:27.527227');
INSERT INTO "objective_students" VALUES(335,16,61,0,NULL,'2017-08-20 17:28:27.538964','2017-08-20 17:28:27.538964');
INSERT INTO "objective_students" VALUES(336,17,61,5,NULL,'2017-08-20 17:28:27.559650','2017-08-20 17:28:27.559650');
INSERT INTO "objective_students" VALUES(337,18,61,0,NULL,'2017-08-20 17:28:27.577322','2017-08-20 17:28:27.577322');
INSERT INTO "objective_students" VALUES(338,14,62,0,NULL,'2017-08-20 17:28:27.605379','2017-08-20 17:28:27.605379');
INSERT INTO "objective_students" VALUES(339,15,62,10,NULL,'2017-08-20 17:28:27.617197','2017-08-20 17:28:27.617197');
INSERT INTO "objective_students" VALUES(340,16,62,10,NULL,'2017-08-20 17:28:27.628469','2017-08-20 17:28:27.628469');
INSERT INTO "objective_students" VALUES(341,17,62,10,NULL,'2017-08-20 17:28:27.640046','2017-08-20 17:28:27.640046');
INSERT INTO "objective_students" VALUES(342,18,62,5,NULL,'2017-08-20 17:28:27.651796','2017-08-20 17:28:27.651796');
INSERT INTO "objective_students" VALUES(343,14,63,0,NULL,'2017-08-20 17:28:27.678761','2017-08-20 17:28:27.678761');
INSERT INTO "objective_students" VALUES(344,15,63,0,NULL,'2017-08-20 17:28:27.689694','2017-08-20 17:28:27.689694');
INSERT INTO "objective_students" VALUES(345,16,63,0,NULL,'2017-08-20 17:28:27.702291','2017-08-20 17:28:27.702291');
INSERT INTO "objective_students" VALUES(346,17,63,7,NULL,'2017-08-20 17:28:27.716745','2017-08-20 17:28:27.716745');
INSERT INTO "objective_students" VALUES(347,18,63,5,NULL,'2017-08-20 17:28:27.727979','2017-08-20 17:28:27.727979');
INSERT INTO "objective_students" VALUES(348,14,64,0,NULL,'2017-08-20 17:28:27.744987','2017-08-20 17:28:27.744987');
INSERT INTO "objective_students" VALUES(349,15,64,0,NULL,'2017-08-20 17:28:27.758125','2017-08-20 17:28:27.758125');
INSERT INTO "objective_students" VALUES(350,16,64,10,NULL,'2017-08-20 17:28:27.769875','2017-08-20 17:28:27.769875');
INSERT INTO "objective_students" VALUES(351,17,64,10,NULL,'2017-08-20 17:28:27.781281','2017-08-20 17:28:27.781281');
INSERT INTO "objective_students" VALUES(352,18,64,5,NULL,'2017-08-20 17:28:27.793740','2017-08-20 17:28:27.793740');
INSERT INTO "objective_students" VALUES(353,14,65,0,NULL,'2017-08-20 17:28:27.812362','2017-08-20 17:28:27.812362');
INSERT INTO "objective_students" VALUES(354,15,65,0,NULL,'2017-08-20 17:28:27.825867','2017-08-20 17:28:27.825867');
INSERT INTO "objective_students" VALUES(355,16,65,10,NULL,'2017-08-20 17:28:27.839702','2017-08-20 17:28:27.839702');
INSERT INTO "objective_students" VALUES(356,17,65,0,NULL,'2017-08-20 17:28:27.853336','2017-08-20 17:28:27.853336');
INSERT INTO "objective_students" VALUES(357,18,65,5,NULL,'2017-08-20 17:28:27.868821','2017-08-20 17:28:27.868821');
INSERT INTO "objective_students" VALUES(358,14,66,10,NULL,'2017-08-20 17:28:27.899365','2017-08-20 17:28:27.899365');
INSERT INTO "objective_students" VALUES(359,15,66,0,NULL,'2017-08-20 17:28:27.913081','2017-08-20 17:28:27.913081');
INSERT INTO "objective_students" VALUES(360,16,66,10,NULL,'2017-08-20 17:28:27.926343','2017-08-20 17:28:27.926343');
INSERT INTO "objective_students" VALUES(361,17,66,5,NULL,'2017-08-20 17:28:27.936819','2017-08-20 17:28:27.936819');
INSERT INTO "objective_students" VALUES(362,18,66,10,NULL,'2017-08-20 17:28:27.958859','2017-08-20 17:28:27.958859');
INSERT INTO "objective_students" VALUES(363,14,67,10,NULL,'2017-08-20 17:28:27.993071','2017-08-20 17:28:27.993071');
INSERT INTO "objective_students" VALUES(364,15,67,10,NULL,'2017-08-20 17:28:28.007382','2017-08-20 17:28:28.007382');
INSERT INTO "objective_students" VALUES(365,16,67,10,NULL,'2017-08-20 17:28:28.022213','2017-08-20 17:28:28.022213');
INSERT INTO "objective_students" VALUES(366,17,67,7,NULL,'2017-08-20 17:28:28.038409','2017-08-20 17:28:28.038409');
INSERT INTO "objective_students" VALUES(367,18,67,0,NULL,'2017-08-20 17:28:28.050751','2017-08-20 17:28:28.050751');
INSERT INTO "objective_students" VALUES(368,14,68,7,NULL,'2017-08-20 17:28:28.082142','2017-08-20 17:28:28.082142');
INSERT INTO "objective_students" VALUES(369,15,68,5,NULL,'2017-08-20 17:28:28.099431','2017-08-20 17:28:28.099431');
INSERT INTO "objective_students" VALUES(370,16,68,10,NULL,'2017-08-20 17:28:28.118915','2017-08-20 17:28:28.118915');
INSERT INTO "objective_students" VALUES(371,17,68,10,NULL,'2017-08-20 17:28:28.131786','2017-08-20 17:28:28.131786');
INSERT INTO "objective_students" VALUES(372,18,68,10,NULL,'2017-08-20 17:28:28.146389','2017-08-20 17:28:28.146389');
INSERT INTO "objective_students" VALUES(373,14,69,0,NULL,'2017-08-20 17:28:28.178999','2017-08-20 17:28:28.178999');
INSERT INTO "objective_students" VALUES(374,15,69,5,NULL,'2017-08-20 17:28:28.191820','2017-08-20 17:28:28.191820');
INSERT INTO "objective_students" VALUES(375,16,69,0,NULL,'2017-08-20 17:28:28.211037','2017-08-20 17:28:28.211037');
INSERT INTO "objective_students" VALUES(376,17,69,0,NULL,'2017-08-20 17:28:28.225422','2017-08-20 17:28:28.225422');
INSERT INTO "objective_students" VALUES(377,18,69,0,NULL,'2017-08-20 17:28:28.239148','2017-08-20 17:28:28.239148');
INSERT INTO "objective_students" VALUES(378,14,70,5,NULL,'2017-08-20 17:28:28.259174','2017-08-20 17:28:28.259174');
INSERT INTO "objective_students" VALUES(379,15,70,0,NULL,'2017-08-20 17:28:28.271778','2017-08-20 17:28:28.271778');
INSERT INTO "objective_students" VALUES(380,16,70,5,NULL,'2017-08-20 17:28:28.285759','2017-08-20 17:28:28.285759');
INSERT INTO "objective_students" VALUES(381,17,70,0,NULL,'2017-08-20 17:28:28.300928','2017-08-20 17:28:28.300928');
INSERT INTO "objective_students" VALUES(382,18,70,0,NULL,'2017-08-20 17:28:28.315611','2017-08-20 17:28:28.315611');
INSERT INTO "objective_students" VALUES(383,14,71,10,NULL,'2017-08-20 17:28:28.345206','2017-08-20 17:28:28.345206');
INSERT INTO "objective_students" VALUES(384,15,71,10,NULL,'2017-08-20 17:28:28.359380','2017-08-20 17:28:28.359380');
INSERT INTO "objective_students" VALUES(385,16,71,10,NULL,'2017-08-20 17:28:28.373063','2017-08-20 17:28:28.373063');
INSERT INTO "objective_students" VALUES(386,17,71,7,NULL,'2017-08-20 17:28:28.385666','2017-08-20 17:28:28.385666');
INSERT INTO "objective_students" VALUES(387,18,71,5,NULL,'2017-08-20 17:28:28.400685','2017-08-20 17:28:28.400685');
INSERT INTO "objective_students" VALUES(388,14,72,10,NULL,'2017-08-20 17:28:28.431309','2017-08-20 17:28:28.431309');
INSERT INTO "objective_students" VALUES(389,15,72,10,NULL,'2017-08-20 17:28:28.445501','2017-08-20 17:28:28.445501');
INSERT INTO "objective_students" VALUES(390,16,72,5,NULL,'2017-08-20 17:28:28.459964','2017-08-20 17:28:28.459964');
INSERT INTO "objective_students" VALUES(391,17,72,10,NULL,'2017-08-20 17:28:28.475175','2017-08-20 17:28:28.475175');
INSERT INTO "objective_students" VALUES(392,18,72,5,NULL,'2017-08-20 17:28:28.491312','2017-08-20 17:28:28.491312');
INSERT INTO "objective_students" VALUES(393,14,73,10,NULL,'2017-08-20 17:28:28.527940','2017-08-20 17:28:28.527940');
INSERT INTO "objective_students" VALUES(394,15,73,5,NULL,'2017-08-20 17:28:28.542534','2017-08-20 17:28:28.542534');
INSERT INTO "objective_students" VALUES(395,16,73,0,NULL,'2017-08-20 17:28:28.556195','2017-08-20 17:28:28.556195');
INSERT INTO "objective_students" VALUES(396,17,73,7,NULL,'2017-08-20 17:28:28.571148','2017-08-20 17:28:28.571148');
INSERT INTO "objective_students" VALUES(397,18,73,7,NULL,'2017-08-20 17:28:28.585715','2017-08-20 17:28:28.585715');
INSERT INTO "objective_students" VALUES(398,14,74,0,NULL,'2017-08-20 17:28:28.618021','2017-08-20 17:28:28.618021');
INSERT INTO "objective_students" VALUES(399,15,74,0,NULL,'2017-08-20 17:28:28.630085','2017-08-20 17:28:28.630085');
INSERT INTO "objective_students" VALUES(400,16,74,0,NULL,'2017-08-20 17:28:28.645476','2017-08-20 17:28:28.645476');
INSERT INTO "objective_students" VALUES(401,17,74,0,NULL,'2017-08-20 17:28:28.661202','2017-08-20 17:28:28.661202');
INSERT INTO "objective_students" VALUES(402,18,74,0,NULL,'2017-08-20 17:28:28.685318','2017-08-20 17:28:28.685318');
INSERT INTO "objective_students" VALUES(403,14,75,10,NULL,'2017-08-20 17:28:28.716716','2017-08-20 17:28:28.716716');
INSERT INTO "objective_students" VALUES(404,15,75,10,NULL,'2017-08-20 17:28:28.734321','2017-08-20 17:28:28.734321');
INSERT INTO "objective_students" VALUES(405,16,75,0,NULL,'2017-08-20 17:28:28.768792','2017-08-20 17:28:28.768792');
INSERT INTO "objective_students" VALUES(406,17,75,7,NULL,'2017-08-20 17:28:28.781218','2017-08-20 17:28:28.781218');
INSERT INTO "objective_students" VALUES(407,18,75,10,NULL,'2017-08-20 17:28:28.794077','2017-08-20 17:28:28.794077');
INSERT INTO "objective_students" VALUES(408,14,76,7,NULL,'2017-08-20 17:28:28.825243','2017-08-20 17:28:28.825243');
INSERT INTO "objective_students" VALUES(409,15,76,5,NULL,'2017-08-20 17:28:28.838466','2017-08-20 17:28:28.838466');
INSERT INTO "objective_students" VALUES(410,16,76,7,NULL,'2017-08-20 17:28:28.850966','2017-08-20 17:28:28.850966');
INSERT INTO "objective_students" VALUES(411,17,76,10,NULL,'2017-08-20 17:28:28.865888','2017-08-20 17:28:28.865888');
INSERT INTO "objective_students" VALUES(412,18,76,0,NULL,'2017-08-20 17:28:28.882994','2017-08-20 17:28:28.882994');
INSERT INTO "objective_students" VALUES(413,14,77,0,NULL,'2017-08-20 17:28:28.911001','2017-08-20 17:28:28.911001');
INSERT INTO "objective_students" VALUES(414,15,77,0,NULL,'2017-08-20 17:28:28.922231','2017-08-20 17:28:28.922231');
INSERT INTO "objective_students" VALUES(415,16,77,0,NULL,'2017-08-20 17:28:28.937200','2017-08-20 17:28:28.937200');
INSERT INTO "objective_students" VALUES(416,17,77,0,NULL,'2017-08-20 17:28:28.949326','2017-08-20 17:28:28.949326');
INSERT INTO "objective_students" VALUES(417,18,77,5,NULL,'2017-08-20 17:28:28.961103','2017-08-20 17:28:28.961103');
INSERT INTO "objective_students" VALUES(418,14,78,7,NULL,'2017-08-20 17:28:28.985707','2017-08-20 17:28:28.985707');
INSERT INTO "objective_students" VALUES(419,15,78,10,NULL,'2017-08-20 17:28:29.000427','2017-08-20 17:28:29.000427');
INSERT INTO "objective_students" VALUES(420,16,78,0,NULL,'2017-08-20 17:28:29.012239','2017-08-20 17:28:29.012239');
INSERT INTO "objective_students" VALUES(421,17,78,0,NULL,'2017-08-20 17:28:29.024342','2017-08-20 17:28:29.024342');
INSERT INTO "objective_students" VALUES(422,18,78,7,NULL,'2017-08-20 17:28:29.035738','2017-08-20 17:28:29.035738');
INSERT INTO "objective_students" VALUES(423,14,79,0,NULL,'2017-08-20 17:28:29.060918','2017-08-20 17:28:29.060918');
INSERT INTO "objective_students" VALUES(424,15,79,5,NULL,'2017-08-20 17:28:29.073269','2017-08-20 17:28:29.073269');
INSERT INTO "objective_students" VALUES(425,16,79,0,NULL,'2017-08-20 17:28:29.085128','2017-08-20 17:28:29.085128');
INSERT INTO "objective_students" VALUES(426,17,79,0,NULL,'2017-08-20 17:28:29.097615','2017-08-20 17:28:29.097615');
INSERT INTO "objective_students" VALUES(427,18,79,5,NULL,'2017-08-20 17:28:29.109869','2017-08-20 17:28:29.109869');
INSERT INTO "objective_students" VALUES(428,14,80,0,NULL,'2017-08-20 17:28:29.130836','2017-08-20 17:28:29.130836');
INSERT INTO "objective_students" VALUES(429,15,80,0,NULL,'2017-08-20 17:28:29.141112','2017-08-20 17:28:29.141112');
INSERT INTO "objective_students" VALUES(430,16,80,0,NULL,'2017-08-20 17:28:29.153215','2017-08-20 17:28:29.153215');
INSERT INTO "objective_students" VALUES(431,17,80,0,NULL,'2017-08-20 17:28:29.165902','2017-08-20 17:28:29.165902');
INSERT INTO "objective_students" VALUES(432,18,80,0,NULL,'2017-08-20 17:28:29.177890','2017-08-20 17:28:29.177890');
INSERT INTO "objective_students" VALUES(433,14,81,0,NULL,'2017-08-20 17:28:29.205891','2017-08-20 17:28:29.205891');
INSERT INTO "objective_students" VALUES(434,15,81,5,NULL,'2017-08-20 17:28:29.237067','2017-08-20 17:28:29.237067');
INSERT INTO "objective_students" VALUES(435,16,81,0,NULL,'2017-08-20 17:28:29.249138','2017-08-20 17:28:29.249138');
INSERT INTO "objective_students" VALUES(436,17,81,0,NULL,'2017-08-20 17:28:29.262041','2017-08-20 17:28:29.262041');
INSERT INTO "objective_students" VALUES(437,18,81,5,NULL,'2017-08-20 17:28:29.275441','2017-08-20 17:28:29.275441');
INSERT INTO "objective_students" VALUES(438,14,82,0,NULL,'2017-08-20 17:28:29.293745','2017-08-20 17:28:29.293745');
INSERT INTO "objective_students" VALUES(439,15,82,5,NULL,'2017-08-20 17:28:29.306443','2017-08-20 17:28:29.306443');
INSERT INTO "objective_students" VALUES(440,16,82,0,NULL,'2017-08-20 17:28:29.320523','2017-08-20 17:28:29.320523');
INSERT INTO "objective_students" VALUES(441,17,82,0,NULL,'2017-08-20 17:28:29.333589','2017-08-20 17:28:29.333589');
INSERT INTO "objective_students" VALUES(442,18,82,0,NULL,'2017-08-20 17:28:29.348631','2017-08-20 17:28:29.348631');
INSERT INTO "objective_students" VALUES(443,14,83,5,NULL,'2017-08-20 17:28:29.378778','2017-08-20 17:28:29.378778');
INSERT INTO "objective_students" VALUES(444,15,83,0,NULL,'2017-08-20 17:28:29.389789','2017-08-20 17:28:29.389789');
INSERT INTO "objective_students" VALUES(445,16,83,5,NULL,'2017-08-20 17:28:29.405146','2017-08-20 17:28:29.405146');
INSERT INTO "objective_students" VALUES(446,17,83,0,NULL,'2017-08-20 17:28:29.419044','2017-08-20 17:28:29.419044');
INSERT INTO "objective_students" VALUES(447,18,83,7,NULL,'2017-08-20 17:28:29.430584','2017-08-20 17:28:29.430584');
INSERT INTO "objective_students" VALUES(448,14,84,0,NULL,'2017-08-20 17:28:29.458362','2017-08-20 17:28:29.458362');
INSERT INTO "objective_students" VALUES(449,15,84,0,NULL,'2017-08-20 17:28:29.471060','2017-08-20 17:28:29.471060');
INSERT INTO "objective_students" VALUES(450,16,84,7,NULL,'2017-08-20 17:28:29.485268','2017-08-20 17:28:29.485268');
INSERT INTO "objective_students" VALUES(451,17,84,0,NULL,'2017-08-20 17:28:29.500400','2017-08-20 17:28:29.500400');
INSERT INTO "objective_students" VALUES(452,18,84,0,NULL,'2017-08-20 17:28:29.514694','2017-08-20 17:28:29.514694');
INSERT INTO "objective_students" VALUES(453,14,85,7,NULL,'2017-08-20 17:28:29.542215','2017-08-20 17:28:29.542215');
INSERT INTO "objective_students" VALUES(454,15,85,0,NULL,'2017-08-20 17:28:29.558140','2017-08-20 17:28:29.558140');
INSERT INTO "objective_students" VALUES(455,16,85,5,NULL,'2017-08-20 17:28:29.571087','2017-08-20 17:28:29.571087');
INSERT INTO "objective_students" VALUES(456,17,85,0,NULL,'2017-08-20 17:28:29.582516','2017-08-20 17:28:29.582516');
INSERT INTO "objective_students" VALUES(457,18,85,0,NULL,'2017-08-20 17:28:29.594418','2017-08-20 17:28:29.594418');
INSERT INTO "objective_students" VALUES(458,14,86,0,NULL,'2017-08-20 17:28:29.621339','2017-08-20 17:28:29.621339');
INSERT INTO "objective_students" VALUES(459,15,86,0,NULL,'2017-08-20 17:28:29.635579','2017-08-20 17:28:29.635579');
INSERT INTO "objective_students" VALUES(460,16,86,0,NULL,'2017-08-20 17:28:29.648562','2017-08-20 17:28:29.648562');
INSERT INTO "objective_students" VALUES(461,17,86,7,NULL,'2017-08-20 17:28:29.665445','2017-08-20 17:28:29.665445');
INSERT INTO "objective_students" VALUES(462,18,86,0,NULL,'2017-08-20 17:28:29.681269','2017-08-20 17:28:29.681269');
INSERT INTO "objective_students" VALUES(463,14,87,5,NULL,'2017-08-20 17:28:29.698976','2017-08-20 17:28:29.698976');
INSERT INTO "objective_students" VALUES(464,15,87,7,NULL,'2017-08-20 17:28:29.710441','2017-08-20 17:28:29.710441');
INSERT INTO "objective_students" VALUES(465,16,87,0,NULL,'2017-08-20 17:28:29.723002','2017-08-20 17:28:29.723002');
INSERT INTO "objective_students" VALUES(466,17,87,7,NULL,'2017-08-20 17:28:29.733900','2017-08-20 17:28:29.733900');
INSERT INTO "objective_students" VALUES(467,18,87,5,NULL,'2017-08-20 17:28:29.746465','2017-08-20 17:28:29.746465');
INSERT INTO "objective_students" VALUES(468,14,88,7,NULL,'2017-08-20 17:28:29.772638','2017-08-20 17:28:29.772638');
INSERT INTO "objective_students" VALUES(469,15,88,7,NULL,'2017-08-20 17:28:29.786236','2017-08-20 17:28:29.786236');
INSERT INTO "objective_students" VALUES(470,16,88,10,NULL,'2017-08-20 17:28:29.801003','2017-08-20 17:28:29.801003');
INSERT INTO "objective_students" VALUES(471,17,88,7,NULL,'2017-08-20 17:28:29.813987','2017-08-20 17:28:29.813987');
INSERT INTO "objective_students" VALUES(472,18,88,10,NULL,'2017-08-20 17:28:29.829823','2017-08-20 17:28:29.829823');
INSERT INTO "objective_students" VALUES(473,14,89,10,NULL,'2017-08-20 17:28:29.861575','2017-08-20 17:28:29.861575');
INSERT INTO "objective_students" VALUES(474,15,89,0,NULL,'2017-08-20 17:28:29.877614','2017-08-20 17:28:29.877614');
INSERT INTO "objective_students" VALUES(475,16,89,10,NULL,'2017-08-20 17:28:29.893331','2017-08-20 17:28:29.893331');
INSERT INTO "objective_students" VALUES(476,17,89,10,NULL,'2017-08-20 17:28:29.906903','2017-08-20 17:28:29.906903');
INSERT INTO "objective_students" VALUES(477,18,89,5,NULL,'2017-08-20 17:28:29.918265','2017-08-20 17:28:29.918265');
INSERT INTO "objective_students" VALUES(478,14,90,0,NULL,'2017-08-20 17:28:29.954045','2017-08-20 17:28:29.954045');
INSERT INTO "objective_students" VALUES(479,15,90,0,NULL,'2017-08-20 17:28:29.966797','2017-08-20 17:28:29.966797');
INSERT INTO "objective_students" VALUES(480,16,90,7,NULL,'2017-08-20 17:28:29.977484','2017-08-20 17:28:29.977484');
INSERT INTO "objective_students" VALUES(481,17,90,7,NULL,'2017-08-20 17:28:29.989835','2017-08-20 17:28:29.989835');
INSERT INTO "objective_students" VALUES(482,18,90,5,NULL,'2017-08-20 17:28:30.004938','2017-08-20 17:28:30.004938');
INSERT INTO "objective_students" VALUES(483,14,91,0,NULL,'2017-08-20 17:28:30.022208','2017-08-20 17:28:30.022208');
INSERT INTO "objective_students" VALUES(484,15,91,5,NULL,'2017-08-20 17:28:30.036488','2017-08-20 17:28:30.036488');
INSERT INTO "objective_students" VALUES(485,16,91,0,NULL,'2017-08-20 17:28:30.048534','2017-08-20 17:28:30.048534');
INSERT INTO "objective_students" VALUES(486,17,91,0,NULL,'2017-08-20 17:28:30.060583','2017-08-20 17:28:30.060583');
INSERT INTO "objective_students" VALUES(487,18,91,5,NULL,'2017-08-20 17:28:30.072612','2017-08-20 17:28:30.072612');
INSERT INTO "objective_students" VALUES(488,14,92,5,NULL,'2017-08-20 17:28:30.089153','2017-08-20 17:28:30.089153');
INSERT INTO "objective_students" VALUES(489,15,92,5,NULL,'2017-08-20 17:28:30.101634','2017-08-20 17:28:30.101634');
INSERT INTO "objective_students" VALUES(490,16,92,5,NULL,'2017-08-20 17:28:30.113733','2017-08-20 17:28:30.113733');
INSERT INTO "objective_students" VALUES(491,17,92,0,NULL,'2017-08-20 17:28:30.126533','2017-08-20 17:28:30.126533');
INSERT INTO "objective_students" VALUES(492,18,92,5,NULL,'2017-08-20 17:28:30.137931','2017-08-20 17:28:30.137931');
INSERT INTO "objective_students" VALUES(493,14,93,5,NULL,'2017-08-20 17:28:30.166889','2017-08-20 17:28:30.166889');
INSERT INTO "objective_students" VALUES(494,15,93,5,NULL,'2017-08-20 17:28:30.178664','2017-08-20 17:28:30.178664');
INSERT INTO "objective_students" VALUES(495,16,93,10,NULL,'2017-08-20 17:28:30.189539','2017-08-20 17:28:30.189539');
INSERT INTO "objective_students" VALUES(496,17,93,10,NULL,'2017-08-20 17:28:30.202509','2017-08-20 17:28:30.202509');
INSERT INTO "objective_students" VALUES(497,18,93,7,NULL,'2017-08-20 17:28:30.213593','2017-08-20 17:28:30.213593');
INSERT INTO "objective_students" VALUES(498,14,94,0,NULL,'2017-08-20 17:28:30.238650','2017-08-20 17:28:30.238650');
INSERT INTO "objective_students" VALUES(499,15,94,0,NULL,'2017-08-20 17:28:30.249390','2017-08-20 17:28:30.249390');
INSERT INTO "objective_students" VALUES(500,16,94,10,NULL,'2017-08-20 17:28:30.262280','2017-08-20 17:28:30.262280');
INSERT INTO "objective_students" VALUES(501,17,94,10,NULL,'2017-08-20 17:28:30.274485','2017-08-20 17:28:30.274485');
INSERT INTO "objective_students" VALUES(502,18,94,10,NULL,'2017-08-20 17:28:30.286647','2017-08-20 17:28:30.286647');
INSERT INTO "objective_students" VALUES(503,14,95,5,NULL,'2017-08-20 17:28:30.301053','2017-08-20 17:28:30.301053');
INSERT INTO "objective_students" VALUES(504,15,95,5,NULL,'2017-08-20 17:28:30.314185','2017-08-20 17:28:30.314185');
INSERT INTO "objective_students" VALUES(505,16,95,7,NULL,'2017-08-20 17:28:30.324145','2017-08-20 17:28:30.324145');
INSERT INTO "objective_students" VALUES(506,17,95,7,NULL,'2017-08-20 17:28:30.333931','2017-08-20 17:28:30.333931');
INSERT INTO "objective_students" VALUES(507,18,95,10,NULL,'2017-08-20 17:28:30.346816','2017-08-20 17:28:30.346816');
INSERT INTO "objective_students" VALUES(508,14,96,10,NULL,'2017-08-20 17:28:30.362887','2017-08-20 17:28:30.362887');
INSERT INTO "objective_students" VALUES(509,15,96,10,NULL,'2017-08-20 17:28:30.373353','2017-08-20 17:28:30.373353');
INSERT INTO "objective_students" VALUES(510,16,96,10,NULL,'2017-08-20 17:28:30.386347','2017-08-20 17:28:30.386347');
INSERT INTO "objective_students" VALUES(511,17,96,5,NULL,'2017-08-20 17:28:30.399441','2017-08-20 17:28:30.399441');
INSERT INTO "objective_students" VALUES(512,18,96,10,NULL,'2017-08-20 17:28:30.410411','2017-08-20 17:28:30.410411');
CREATE TABLE "objectives" ("id" INTEGER PRIMARY KEY AUTOINCREMENT NOT NULL, "name" varchar, "extent" varchar, "user_id" integer, "created_at" datetime NOT NULL, "updated_at" datetime NOT NULL);
INSERT INTO "objectives" VALUES(1,'Add and Subtract Numbers','public',1,'2017-08-20 17:27:52.880765','2017-08-20 17:27:52.880765');
INSERT INTO "objectives" VALUES(2,'Multiply and Divide Numbers','public',1,'2017-08-20 17:27:52.949727','2017-08-20 17:27:52.949727');
INSERT INTO "objectives" VALUES(3,'Numbers Summary','public',1,'2017-08-20 17:27:52.980051','2017-08-20 17:27:52.980051');
INSERT INTO "objectives" VALUES(4,'Intercept','public',1,'2017-08-20 17:27:53.007329','2017-08-20 17:27:53.007329');
INSERT INTO "objectives" VALUES(5,'Slope','public',1,'2017-08-20 17:27:53.032305','2017-08-20 17:27:53.032305');
INSERT INTO "objectives" VALUES(6,'Scatterplots','public',1,'2017-08-20 17:27:53.057443','2017-08-20 17:27:53.057443');
INSERT INTO "objectives" VALUES(7,'Association','public',1,'2017-08-20 17:27:53.084867','2017-08-20 17:27:53.084867');
INSERT INTO "objectives" VALUES(8,'One-step Equations','public',1,'2017-08-20 17:27:53.113442','2017-08-20 17:27:53.113442');
INSERT INTO "objectives" VALUES(9,'Integers','public',1,'2017-08-20 17:27:53.141187','2017-08-20 17:27:53.141187');
INSERT INTO "objectives" VALUES(10,'Volume','public',1,'2017-08-20 17:27:53.169344','2017-08-20 17:27:53.169344');
INSERT INTO "objectives" VALUES(11,'Fractions','public',1,'2017-08-20 17:27:53.196964','2017-08-20 17:27:53.196964');
INSERT INTO "objectives" VALUES(12,'Rationals','public',1,'2017-08-20 17:27:53.260234','2017-08-20 17:27:53.260234');
INSERT INTO "objectives" VALUES(13,'Irrationals','public',1,'2017-08-20 17:27:53.290282','2017-08-20 17:27:53.290282');
INSERT INTO "objectives" VALUES(14,'Volcanos','public',1,'2017-08-20 17:27:53.320797','2017-08-20 17:27:53.320797');
INSERT INTO "objectives" VALUES(15,'Evolution','public',1,'2017-08-20 17:27:53.352131','2017-08-20 17:27:53.352131');
INSERT INTO "objectives" VALUES(16,'Taxonomy','public',1,'2017-08-20 17:27:53.381743','2017-08-20 17:27:53.381743');
INSERT INTO "objectives" VALUES(17,'Cells','public',1,'2017-08-20 17:27:53.407563','2017-08-20 17:27:53.407563');
INSERT INTO "objectives" VALUES(18,'Anatomy','public',1,'2017-08-20 17:27:53.440364','2017-08-20 17:27:53.440364');
CREATE TABLE "pictures" ("id" INTEGER PRIMARY KEY AUTOINCREMENT NOT NULL, "name" varchar, "image" varchar, "created_at" datetime NOT NULL, "updated_at" datetime NOT NULL);
INSERT INTO "pictures" VALUES(1,'Labels','labels.png','2017-08-20 17:28:30.859207','2017-08-20 17:28:30.859207');
INSERT INTO "pictures" VALUES(2,'Objectives','objectives.png','2017-08-20 17:28:30.916129','2017-08-20 17:28:30.916129');
INSERT INTO "pictures" VALUES(3,'Desk Consultants','desk_consult.png','2017-08-20 17:28:30.976502','2017-08-20 17:28:30.976502');
INSERT INTO "pictures" VALUES(4,'Egg Face','egg-face-art-20.jpg','2017-08-25 02:58:29.341801','2017-08-25 02:58:29.341801');
INSERT INTO "pictures" VALUES(5,'Ruler','Ruler.png','2017-08-25 03:01:21.694049','2017-08-25 03:01:21.694049');
INSERT INTO "pictures" VALUES(6,'Ruler','Ruler.png','2017-08-25 03:01:57.543962','2017-08-25 03:01:57.543962');
CREATE TABLE "preconditions" ("id" INTEGER PRIMARY KEY AUTOINCREMENT NOT NULL, "mainassign_id" integer, "preassign_id" integer, "created_at" datetime NOT NULL, "updated_at" datetime NOT NULL);
INSERT INTO "preconditions" VALUES(1,2,1,'2017-08-20 17:28:31.808618','2017-08-20 17:28:31.808618');
CREATE TABLE "questions" ("id" INTEGER PRIMARY KEY AUTOINCREMENT NOT NULL, "style" varchar, "prompt" text, "extent" varchar, "user_id" integer, "label_id" integer, "picture_id" integer, "correct_answers" text, "choice_0" varchar, "choice_1" varchar, "choice_2" varchar, "choice_3" varchar, "choice_4" varchar, "choice_5" varchar, "created_at" datetime NOT NULL, "updated_at" datetime NOT NULL);
INSERT INTO "questions" VALUES(1,'multiple-choice','What is 9 + 5 ?','public',1,3,NULL,'---
- ''14''
','14','15','13','4',NULL,NULL,'2017-08-20 17:28:31.084515','2017-08-20 17:28:31.084515');
INSERT INTO "questions" VALUES(2,'multiple-choice','What is 3 - 2 ?','public',1,4,NULL,'---
- ''1''
','1','2','0','5',NULL,NULL,'2017-08-20 17:28:31.096752','2017-08-20 17:28:31.096752');
INSERT INTO "questions" VALUES(3,'multiple-choice','What is 1 x 7 ?','public',1,5,NULL,'---
- ''7''
','7','8','6','7','0',NULL,'2017-08-20 17:28:31.112161','2017-08-20 17:28:31.112161');
INSERT INTO "questions" VALUES(4,'multiple-choice','What is 8 / 1 ?','public',1,6,NULL,'---
- ''8''
','8','9','7','6','16',NULL,'2017-08-20 17:28:31.125505','2017-08-20 17:28:31.125505');
INSERT INTO "questions" VALUES(5,'fill-in','What is 1 + 5 ?','public',1,3,NULL,'---
- ''6''
',NULL,NULL,NULL,NULL,NULL,NULL,'2017-08-20 17:28:31.140447','2017-08-20 17:28:31.140447');
INSERT INTO "questions" VALUES(6,'multiple-choice','What is 14 + 9 ?','public',1,3,NULL,'---
- ''23''
','23','24','22','5',NULL,NULL,'2017-08-20 17:28:31.153234','2017-08-20 17:28:31.153234');
INSERT INTO "questions" VALUES(7,'multiple-choice','What is 16 - 6 ?','public',1,4,NULL,'---
- ''10''
','10','11','9','22',NULL,NULL,'2017-08-20 17:28:31.165149','2017-08-20 17:28:31.165149');
INSERT INTO "questions" VALUES(8,'multiple-choice','What is 2 x 9 ?','public',1,5,NULL,'---
- ''18''
','18','20','16','18','9',NULL,'2017-08-20 17:28:31.176541','2017-08-20 17:28:31.176541');
INSERT INTO "questions" VALUES(9,'multiple-choice','What is 6 / 2 ?','public',1,6,NULL,'---
- ''3''
','3','4','2','1','6',NULL,'2017-08-20 17:28:31.188967','2017-08-20 17:28:31.188967');
INSERT INTO "questions" VALUES(10,'fill-in','What is 17 + 7 ?','public',1,3,NULL,'---
- ''24''
',NULL,NULL,NULL,NULL,NULL,NULL,'2017-08-20 17:28:31.203548','2017-08-20 17:28:31.203548');
INSERT INTO "questions" VALUES(11,'multiple-choice','What is 16 + 1 ?','public',1,3,NULL,'---
- ''17''
','17','18','16','15',NULL,NULL,'2017-08-20 17:28:31.216539','2017-08-20 17:28:31.216539');
INSERT INTO "questions" VALUES(12,'multiple-choice','What is 24 - 7 ?','public',1,4,NULL,'---
- ''17''
','17','18','16','31',NULL,NULL,'2017-08-20 17:28:31.228638','2017-08-20 17:28:31.228638');
INSERT INTO "questions" VALUES(13,'multiple-choice','What is 3 x 6 ?','public',1,5,NULL,'---
- ''18''
','18','21','15','18','12',NULL,'2017-08-20 17:28:31.240585','2017-08-20 17:28:31.240585');
INSERT INTO "questions" VALUES(14,'multiple-choice','What is 6 / 3 ?','public',1,6,NULL,'---
- ''2''
','2','3','1','0','4',NULL,'2017-08-20 17:28:31.253797','2017-08-20 17:28:31.253797');
INSERT INTO "questions" VALUES(15,'fill-in','What is 2 + 3 ?','public',1,3,NULL,'---
- ''5''
',NULL,NULL,NULL,NULL,NULL,NULL,'2017-08-20 17:28:31.264595','2017-08-20 17:28:31.264595');
INSERT INTO "questions" VALUES(16,'multiple-choice','What is 35 + 5 ?','public',1,3,NULL,'---
- ''40''
','40','41','39','30',NULL,NULL,'2017-08-20 17:28:31.277594','2017-08-20 17:28:31.277594');
INSERT INTO "questions" VALUES(17,'multiple-choice','What is 17 - 3 ?','public',1,4,NULL,'---
- ''14''
','14','15','13','20',NULL,NULL,'2017-08-20 17:28:31.288520','2017-08-20 17:28:31.288520');
INSERT INTO "questions" VALUES(18,'multiple-choice','What is 4 x 5 ?','public',1,5,NULL,'---
- ''20''
','20','24','16','20','15',NULL,'2017-08-20 17:28:31.301163','2017-08-20 17:28:31.301163');
INSERT INTO "questions" VALUES(19,'multiple-choice','What is 36 / 4 ?','public',1,6,NULL,'---
- ''9''
','9','10','8','7','18',NULL,'2017-08-20 17:28:31.315498','2017-08-20 17:28:31.315498');
INSERT INTO "questions" VALUES(20,'fill-in','What is 28 + 3 ?','public',1,3,NULL,'---
- ''31''
',NULL,NULL,NULL,NULL,NULL,NULL,'2017-08-20 17:28:31.329196','2017-08-20 17:28:31.329196');
INSERT INTO "questions" VALUES(21,'multiple-choice','What is 13 + 2 ?','public',1,3,NULL,'---
- ''15''
','15','16','14','11',NULL,NULL,'2017-08-20 17:28:31.344154','2017-08-20 17:28:31.344154');
INSERT INTO "questions" VALUES(22,'multiple-choice','What is 5 - 20 ?','public',1,4,NULL,'---
- "-15"
','-15','-14','-16','25',NULL,NULL,'2017-08-20 17:28:31.359926','2017-08-20 17:28:31.359926');
INSERT INTO "questions" VALUES(23,'multiple-choice','What is 5 x 3 ?','public',1,5,NULL,'---
- ''15''
','15','20','10','15','12',NULL,'2017-08-20 17:28:31.373662','2017-08-20 17:28:31.373662');
INSERT INTO "questions" VALUES(24,'multiple-choice','What is 25 / 5 ?','public',1,6,NULL,'---
- ''5''
','5','6','4','3','10',NULL,'2017-08-20 17:28:31.387481','2017-08-20 17:28:31.387481');
INSERT INTO "questions" VALUES(25,'fill-in','What is 2 + 10 ?','public',1,3,NULL,'---
- ''12''
',NULL,NULL,NULL,NULL,NULL,NULL,'2017-08-20 17:28:31.406511','2017-08-20 17:28:31.406511');
INSERT INTO "questions" VALUES(26,'multiple-choice','What is 39 + 33 ?','public',1,3,NULL,'---
- ''72''
','72','73','71','6',NULL,NULL,'2017-08-20 17:28:31.421874','2017-08-20 17:28:31.421874');
INSERT INTO "questions" VALUES(27,'multiple-choice','What is 31 - 0 ?','public',1,4,NULL,'---
- ''31''
','31','32','30','31',NULL,NULL,'2017-08-20 17:28:31.432911','2017-08-20 17:28:31.432911');
INSERT INTO "questions" VALUES(28,'multiple-choice','What is 6 x 5 ?','public',1,5,NULL,'---
- ''30''
','30','36','24','30','25',NULL,'2017-08-20 17:28:31.445382','2017-08-20 17:28:31.445382');
INSERT INTO "questions" VALUES(29,'multiple-choice','What is 6 / 6 ?','public',1,6,NULL,'---
- ''1''
','1','2','0','-1','2',NULL,'2017-08-20 17:28:31.457036','2017-08-20 17:28:31.457036');
INSERT INTO "questions" VALUES(30,'fill-in','What is 5 + 8 ?','public',1,3,NULL,'---
- ''13''
',NULL,NULL,NULL,NULL,NULL,NULL,'2017-08-20 17:28:31.471991','2017-08-20 17:28:31.471991');
INSERT INTO "questions" VALUES(31,'multiple-choice','What is 28 + 33 ?','public',1,3,NULL,'---
- ''61''
','61','62','60','-5',NULL,NULL,'2017-08-20 17:28:31.496396','2017-08-20 17:28:31.496396');
INSERT INTO "questions" VALUES(32,'multiple-choice','What is 37 - 0 ?','public',1,4,NULL,'---
- ''37''
','37','38','36','37',NULL,NULL,'2017-08-20 17:28:31.512111','2017-08-20 17:28:31.512111');
INSERT INTO "questions" VALUES(33,'multiple-choice','What is 7 x 1 ?','public',1,5,NULL,'---
- ''7''
','7','14','0','7','6',NULL,'2017-08-20 17:28:31.527683','2017-08-20 17:28:31.527683');
INSERT INTO "questions" VALUES(34,'multiple-choice','What is 56 / 7 ?','public',1,6,NULL,'---
- ''8''
','8','9','7','6','16',NULL,'2017-08-20 17:28:31.543685','2017-08-20 17:28:31.543685');
INSERT INTO "questions" VALUES(35,'fill-in','What is 18 + 8 ?','public',1,3,NULL,'---
- ''26''
',NULL,NULL,NULL,NULL,NULL,NULL,'2017-08-20 17:28:31.557965','2017-08-20 17:28:31.557965');
INSERT INTO "questions" VALUES(36,'multiple-choice','What is 50 + 7 ?','public',1,3,NULL,'---
- ''57''
','57','58','56','43',NULL,NULL,'2017-08-20 17:28:31.572558','2017-08-20 17:28:31.572558');
INSERT INTO "questions" VALUES(37,'multiple-choice','What is 51 - 14 ?','public',1,4,NULL,'---
- ''37''
','37','38','36','65',NULL,NULL,'2017-08-20 17:28:31.586222','2017-08-20 17:28:31.586222');
INSERT INTO "questions" VALUES(38,'multiple-choice','What is 8 x 9 ?','public',1,5,NULL,'---
- ''72''
','72','80','64','72','63',NULL,'2017-08-20 17:28:31.599628','2017-08-20 17:28:31.599628');
INSERT INTO "questions" VALUES(39,'multiple-choice','What is 64 / 8 ?','public',1,6,NULL,'---
- ''8''
','8','9','7','6','16',NULL,'2017-08-20 17:28:31.613355','2017-08-20 17:28:31.613355');
INSERT INTO "questions" VALUES(40,'fill-in','What is 79 + 17 ?','public',1,3,NULL,'---
- ''96''
',NULL,NULL,NULL,NULL,NULL,NULL,'2017-08-20 17:28:31.625413','2017-08-20 17:28:31.625413');
INSERT INTO "questions" VALUES(41,'multiple-choice','What is 40 + 20 ?','public',1,3,NULL,'---
- ''60''
','60','61','59','20',NULL,NULL,'2017-08-20 17:28:31.640504','2017-08-20 17:28:31.640504');
INSERT INTO "questions" VALUES(42,'multiple-choice','What is 57 - 23 ?','public',1,4,NULL,'---
- ''34''
','34','35','33','80',NULL,NULL,'2017-08-20 17:28:31.656721','2017-08-20 17:28:31.656721');
INSERT INTO "questions" VALUES(43,'multiple-choice','What is 9 x 9 ?','public',1,5,NULL,'---
- ''81''
','81','90','72','81','72',NULL,'2017-08-20 17:28:31.672035','2017-08-20 17:28:31.672035');
INSERT INTO "questions" VALUES(44,'multiple-choice','What is 9 / 9 ?','public',1,6,NULL,'---
- ''1''
','1','2','0','-1','2',NULL,'2017-08-20 17:28:31.686039','2017-08-20 17:28:31.686039');
INSERT INTO "questions" VALUES(45,'fill-in','What is 2 + 52 ?','public',1,3,NULL,'---
- ''54''
',NULL,NULL,NULL,NULL,NULL,NULL,'2017-08-20 17:28:31.700921','2017-08-20 17:28:31.700921');
INSERT INTO "questions" VALUES(46,'multiple-choice','What is 66 + 24 ?','public',1,3,NULL,'---
- ''90''
','90','91','89','42',NULL,NULL,'2017-08-20 17:28:31.716245','2017-08-20 17:28:31.716245');
INSERT INTO "questions" VALUES(47,'multiple-choice','What is 43 - 24 ?','public',1,4,NULL,'---
- ''19''
','19','20','18','67',NULL,NULL,'2017-08-20 17:28:31.732071','2017-08-20 17:28:31.732071');
INSERT INTO "questions" VALUES(48,'multiple-choice','What is 10 x 3 ?','public',1,5,NULL,'---
- ''30''
','30','40','20','30','27',NULL,'2017-08-20 17:28:31.750638','2017-08-20 17:28:31.750638');
INSERT INTO "questions" VALUES(49,'multiple-choice','What is 100 / 10 ?','public',1,6,NULL,'---
- ''10''
','10','11','9','8','20',NULL,'2017-08-20 17:28:31.768537','2017-08-20 17:28:31.768537');
INSERT INTO "questions" VALUES(50,'fill-in','What is 24 + 49 ?','public',1,3,NULL,'---
- ''73''
',NULL,NULL,NULL,NULL,NULL,NULL,'2017-08-20 17:28:31.785014','2017-08-20 17:28:31.785014');
CREATE TABLE "quizzes" ("id" INTEGER PRIMARY KEY AUTOINCREMENT NOT NULL, "user_id" integer, "objective_id" integer, "total_score" integer, "created_at" datetime NOT NULL, "updated_at" datetime NOT NULL);
INSERT INTO "quizzes" VALUES(1,NULL,1,6,'2017-08-20 17:37:32.997909','2017-08-20 17:38:04.350493');
INSERT INTO "quizzes" VALUES(2,NULL,1,10,'2017-08-20 17:48:14.891058','2017-08-20 17:48:57.963393');
INSERT INTO "quizzes" VALUES(3,14,1,9,'2017-08-24 02:15:10.585741','2017-08-24 02:15:30.566507');
CREATE TABLE "ripostes" ("id" INTEGER PRIMARY KEY AUTOINCREMENT NOT NULL, "quiz_id" integer, "question_id" integer, "tally" integer, "position" integer, "stud_answer" varchar, "poss" integer, "created_at" datetime NOT NULL, "updated_at" datetime NOT NULL);
INSERT INTO "ripostes" VALUES(1,1,36,2,1,'57',2,'2017-08-20 17:37:33.135747','2017-08-20 17:37:40.473324');
INSERT INTO "ripostes" VALUES(2,1,12,1,2,'17',1,'2017-08-20 17:37:33.150735','2017-08-20 17:37:49.266101');
INSERT INTO "ripostes" VALUES(3,1,16,0,3,'41',2,'2017-08-20 17:37:33.165049','2017-08-20 17:37:55.075668');
INSERT INTO "ripostes" VALUES(4,1,42,0,4,'80',1,'2017-08-20 17:37:33.180132','2017-08-20 17:37:59.372954');
INSERT INTO "ripostes" VALUES(5,1,2,1,5,'1',1,'2017-08-20 17:37:33.197344','2017-08-20 17:38:04.272038');
INSERT INTO "ripostes" VALUES(6,2,27,1,1,'31',1,'2017-08-20 17:48:14.948354','2017-08-20 17:48:39.417383');
INSERT INTO "ripostes" VALUES(7,2,16,2,2,'40',2,'2017-08-20 17:48:14.966456','2017-08-20 17:48:42.279458');
INSERT INTO "ripostes" VALUES(8,2,1,2,3,'14',2,'2017-08-20 17:48:14.986098','2017-08-20 17:48:45.265391');
INSERT INTO "ripostes" VALUES(9,2,42,1,4,'34',1,'2017-08-20 17:48:15.001679','2017-08-20 17:48:54.664847');
INSERT INTO "ripostes" VALUES(10,2,17,1,5,'14',1,'2017-08-20 17:48:15.021136','2017-08-20 17:48:57.845047');
INSERT INTO "ripostes" VALUES(11,3,25,2,1,'12',2,'2017-08-24 02:15:10.665707','2017-08-24 02:15:15.868883');
INSERT INTO "ripostes" VALUES(12,3,36,2,2,'57',2,'2017-08-24 02:15:10.682648','2017-08-24 02:15:19.709071');
INSERT INTO "ripostes" VALUES(13,3,22,1,3,'-15',1,'2017-08-24 02:15:10.700289','2017-08-24 02:15:23.169267');
INSERT INTO "ripostes" VALUES(14,3,27,0,4,'30',1,'2017-08-24 02:15:10.713973','2017-08-24 02:15:27.064502');
INSERT INTO "ripostes" VALUES(15,3,2,1,5,'1',1,'2017-08-24 02:15:10.725809','2017-08-24 02:15:30.465250');
CREATE TABLE "seminar_students" ("id" INTEGER PRIMARY KEY AUTOINCREMENT NOT NULL, "seminar_id" integer, "user_id" integer, "teach_request" integer, "learn_request" integer, "pref_request" integer, "present" boolean, "consulting_stars" integer, "created_at" datetime NOT NULL, "updated_at" datetime NOT NULL);
INSERT INTO "seminar_students" VALUES(1,1,14,NULL,NULL,0,'t',NULL,'2017-08-20 17:27:53.707709','2017-08-20 17:28:22.573288');
INSERT INTO "seminar_students" VALUES(2,1,15,NULL,NULL,2,'t',NULL,'2017-08-20 17:27:53.943053','2017-08-20 17:28:22.712310');
INSERT INTO "seminar_students" VALUES(3,1,16,NULL,NULL,0,'t',NULL,'2017-08-20 17:27:54.191133','2017-08-20 17:28:22.831709');
INSERT INTO "seminar_students" VALUES(4,1,17,NULL,NULL,0,'t',NULL,'2017-08-20 17:27:54.432768','2017-08-20 17:28:22.953090');
INSERT INTO "seminar_students" VALUES(5,1,18,NULL,NULL,2,'t',NULL,'2017-08-20 17:27:54.679350','2017-08-20 17:28:23.175828');
INSERT INTO "seminar_students" VALUES(6,1,19,NULL,NULL,1,'t',NULL,'2017-08-20 17:27:54.913807','2017-08-20 17:27:54.913807');
INSERT INTO "seminar_students" VALUES(7,1,20,NULL,NULL,2,'t',NULL,'2017-08-20 17:27:55.145870','2017-08-20 17:28:23.483934');
INSERT INTO "seminar_students" VALUES(8,1,21,NULL,NULL,2,'t',NULL,'2017-08-20 17:27:55.384512','2017-08-20 17:28:23.588564');
INSERT INTO "seminar_students" VALUES(9,1,22,NULL,NULL,2,'t',NULL,'2017-08-20 17:27:55.637016','2017-08-20 17:28:23.708882');
INSERT INTO "seminar_students" VALUES(10,1,23,NULL,NULL,2,'t',NULL,'2017-08-20 17:27:55.879774','2017-08-20 17:28:23.821738');
INSERT INTO "seminar_students" VALUES(11,1,24,NULL,NULL,0,'t',NULL,'2017-08-20 17:27:56.116794','2017-08-20 17:28:23.953590');
INSERT INTO "seminar_students" VALUES(12,1,25,NULL,NULL,1,'t',NULL,'2017-08-20 17:27:56.353387','2017-08-20 17:27:56.353387');
INSERT INTO "seminar_students" VALUES(13,1,26,NULL,NULL,2,'t',NULL,'2017-08-20 17:27:56.588880','2017-08-20 17:28:24.216033');
INSERT INTO "seminar_students" VALUES(14,1,27,NULL,NULL,0,'t',NULL,'2017-08-20 17:27:56.817611','2017-08-20 17:28:24.330497');
INSERT INTO "seminar_students" VALUES(15,1,28,NULL,NULL,1,'t',NULL,'2017-08-20 17:27:57.056773','2017-08-20 17:27:57.056773');
INSERT INTO "seminar_students" VALUES(16,1,29,NULL,NULL,0,'t',NULL,'2017-08-20 17:27:57.291773','2017-08-20 17:28:24.548962');
INSERT INTO "seminar_students" VALUES(17,1,30,NULL,NULL,0,'t',NULL,'2017-08-20 17:27:57.533937','2017-08-20 17:28:24.668294');
INSERT INTO "seminar_students" VALUES(18,1,31,NULL,NULL,0,'t',NULL,'2017-08-20 17:27:57.776846','2017-08-20 17:28:24.800277');
INSERT INTO "seminar_students" VALUES(19,1,32,NULL,NULL,1,'t',NULL,'2017-08-20 17:27:58.017289','2017-08-20 17:27:58.017289');
INSERT INTO "seminar_students" VALUES(20,1,33,NULL,NULL,0,'t',NULL,'2017-08-20 17:27:58.255264','2017-08-20 17:28:25.009301');
INSERT INTO "seminar_students" VALUES(21,1,34,NULL,NULL,1,'t',NULL,'2017-08-20 17:27:58.497826','2017-08-20 17:27:58.497826');
INSERT INTO "seminar_students" VALUES(22,1,35,NULL,NULL,1,'t',NULL,'2017-08-20 17:27:58.743798','2017-08-20 17:27:58.743798');
INSERT INTO "seminar_students" VALUES(23,1,36,NULL,NULL,2,'t',NULL,'2017-08-20 17:27:58.988088','2017-08-20 17:28:25.351412');
INSERT INTO "seminar_students" VALUES(24,1,37,NULL,NULL,1,'t',NULL,'2017-08-20 17:27:59.227681','2017-08-20 17:27:59.227681');
INSERT INTO "seminar_students" VALUES(25,1,38,NULL,NULL,1,'t',NULL,'2017-08-20 17:27:59.471752','2017-08-20 17:27:59.471752');
INSERT INTO "seminar_students" VALUES(26,1,39,NULL,NULL,2,'t',NULL,'2017-08-20 17:27:59.711501','2017-08-20 17:28:25.685320');
INSERT INTO "seminar_students" VALUES(27,1,40,NULL,NULL,2,'t',NULL,'2017-08-20 17:27:59.949282','2017-08-20 17:28:25.816847');
INSERT INTO "seminar_students" VALUES(28,1,41,NULL,NULL,1,'t',NULL,'2017-08-20 17:28:00.192082','2017-08-20 17:28:00.192082');
INSERT INTO "seminar_students" VALUES(29,1,42,NULL,NULL,2,'t',NULL,'2017-08-20 17:28:00.437005','2017-08-20 17:28:26.037104');
INSERT INTO "seminar_students" VALUES(30,2,17,NULL,NULL,0,'t',NULL,'2017-08-20 17:28:00.452127','2017-08-20 17:28:23.094973');
INSERT INTO "seminar_students" VALUES(31,2,18,NULL,NULL,2,'t',NULL,'2017-08-20 17:28:00.469288','2017-08-20 17:28:23.295278');
INSERT INTO "seminar_students" VALUES(32,2,43,NULL,NULL,1,'t',NULL,'2017-08-20 17:28:00.707571','2017-08-20 17:28:00.707571');
INSERT INTO "seminar_students" VALUES(33,2,44,NULL,NULL,2,'t',NULL,'2017-08-20 17:28:00.948032','2017-08-20 17:28:26.207014');
INSERT INTO "seminar_students" VALUES(34,2,45,NULL,NULL,0,'t',NULL,'2017-08-20 17:28:01.187727','2017-08-20 17:28:26.272497');
INSERT INTO "seminar_students" VALUES(35,2,46,NULL,NULL,2,'t',NULL,'2017-08-20 17:28:01.427378','2017-08-20 17:28:26.343113');
INSERT INTO "seminar_students" VALUES(36,2,47,NULL,NULL,0,'t',NULL,'2017-08-20 17:28:01.682094','2017-08-20 17:28:26.414064');
INSERT INTO "seminar_students" VALUES(37,2,48,NULL,NULL,0,'t',NULL,'2017-08-20 17:28:01.924636','2017-08-20 17:28:26.496205');
INSERT INTO "seminar_students" VALUES(38,2,49,NULL,NULL,1,'t',NULL,'2017-08-20 17:28:02.172995','2017-08-20 17:28:02.172995');
INSERT INTO "seminar_students" VALUES(39,2,50,NULL,NULL,1,'t',NULL,'2017-08-20 17:28:02.400558','2017-08-20 17:28:02.400558');
INSERT INTO "seminar_students" VALUES(40,2,51,NULL,NULL,2,'t',NULL,'2017-08-20 17:28:02.636362','2017-08-20 17:28:26.709920');
INSERT INTO "seminar_students" VALUES(41,2,52,NULL,NULL,2,'t',NULL,'2017-08-20 17:28:02.869607','2017-08-20 17:28:26.787655');
INSERT INTO "seminar_students" VALUES(42,2,53,NULL,NULL,2,'t',NULL,'2017-08-20 17:28:03.103540','2017-08-20 17:28:26.875121');
INSERT INTO "seminar_students" VALUES(43,2,54,NULL,NULL,1,'t',NULL,'2017-08-20 17:28:03.338769','2017-08-20 17:28:03.338769');
INSERT INTO "seminar_students" VALUES(44,2,55,NULL,NULL,2,'t',NULL,'2017-08-20 17:28:03.566856','2017-08-20 17:28:27.016095');
INSERT INTO "seminar_students" VALUES(45,2,56,NULL,NULL,2,'t',NULL,'2017-08-20 17:28:03.795558','2017-08-20 17:28:27.092434');
INSERT INTO "seminar_students" VALUES(46,2,57,NULL,NULL,2,'t',NULL,'2017-08-20 17:28:04.037367','2017-08-20 17:28:27.176396');
INSERT INTO "seminar_students" VALUES(47,2,58,NULL,NULL,2,'t',NULL,'2017-08-20 17:28:04.271744','2017-08-20 17:28:27.292744');
INSERT INTO "seminar_students" VALUES(48,2,59,NULL,NULL,1,'t',NULL,'2017-08-20 17:28:04.504038','2017-08-20 17:28:04.504038');
INSERT INTO "seminar_students" VALUES(49,2,60,NULL,NULL,0,'t',NULL,'2017-08-20 17:28:04.735561','2017-08-20 17:28:27.437217');
INSERT INTO "seminar_students" VALUES(50,3,61,NULL,NULL,1,'t',NULL,'2017-08-20 17:28:04.964724','2017-08-20 17:28:04.964724');
INSERT INTO "seminar_students" VALUES(51,3,62,NULL,NULL,2,'t',NULL,'2017-08-20 17:28:05.193082','2017-08-20 17:28:27.593738');
INSERT INTO "seminar_students" VALUES(52,3,63,NULL,NULL,0,'t',NULL,'2017-08-20 17:28:05.423590','2017-08-20 17:28:27.667748');
INSERT INTO "seminar_students" VALUES(53,3,64,NULL,NULL,1,'t',NULL,'2017-08-20 17:28:05.651927','2017-08-20 17:28:05.651927');
INSERT INTO "seminar_students" VALUES(54,3,65,NULL,NULL,1,'t',NULL,'2017-08-20 17:28:05.877277','2017-08-20 17:28:05.877277');
INSERT INTO "seminar_students" VALUES(55,3,66,NULL,NULL,2,'t',NULL,'2017-08-20 17:28:06.105485','2017-08-20 17:28:27.886682');
INSERT INTO "seminar_students" VALUES(56,3,67,NULL,NULL,2,'t',NULL,'2017-08-20 17:28:06.337132','2017-08-20 17:28:27.978801');
INSERT INTO "seminar_students" VALUES(57,3,68,NULL,NULL,2,'t',NULL,'2017-08-20 17:28:06.564128','2017-08-20 17:28:28.068247');
INSERT INTO "seminar_students" VALUES(58,3,69,NULL,NULL,0,'t',NULL,'2017-08-20 17:28:06.787112','2017-08-20 17:28:28.162957');
INSERT INTO "seminar_students" VALUES(59,3,70,NULL,NULL,1,'t',NULL,'2017-08-20 17:28:07.009270','2017-08-20 17:28:07.009270');
INSERT INTO "seminar_students" VALUES(60,3,71,NULL,NULL,2,'t',NULL,'2017-08-20 17:28:07.243338','2017-08-20 17:28:28.331817');
INSERT INTO "seminar_students" VALUES(61,3,72,NULL,NULL,2,'t',NULL,'2017-08-20 17:28:07.467741','2017-08-20 17:28:28.416751');
INSERT INTO "seminar_students" VALUES(62,3,73,NULL,NULL,2,'t',NULL,'2017-08-20 17:28:07.693221','2017-08-20 17:28:28.511430');
INSERT INTO "seminar_students" VALUES(63,3,74,NULL,NULL,0,'t',NULL,'2017-08-20 17:28:07.919077','2017-08-20 17:28:28.606053');
INSERT INTO "seminar_students" VALUES(64,3,75,NULL,NULL,2,'t',NULL,'2017-08-20 17:28:08.146617','2017-08-20 17:28:28.702485');
INSERT INTO "seminar_students" VALUES(65,3,76,NULL,NULL,2,'t',NULL,'2017-08-20 17:28:08.368472','2017-08-20 17:28:28.811782');
INSERT INTO "seminar_students" VALUES(66,3,77,NULL,NULL,0,'t',NULL,'2017-08-20 17:28:08.597262','2017-08-20 17:28:28.898282');
INSERT INTO "seminar_students" VALUES(67,3,78,NULL,NULL,2,'t',NULL,'2017-08-20 17:28:08.824431','2017-08-20 17:28:28.975005');
INSERT INTO "seminar_students" VALUES(68,3,79,NULL,NULL,0,'t',NULL,'2017-08-20 17:28:09.053380','2017-08-20 17:28:29.048733');
INSERT INTO "seminar_students" VALUES(69,3,80,NULL,NULL,1,'t',NULL,'2017-08-20 17:28:09.297279','2017-08-20 17:28:09.297279');
INSERT INTO "seminar_students" VALUES(70,3,81,NULL,NULL,0,'t',NULL,'2017-08-20 17:28:09.533616','2017-08-20 17:28:29.192672');
INSERT INTO "seminar_students" VALUES(71,3,82,NULL,NULL,1,'t',NULL,'2017-08-20 17:28:09.768089','2017-08-20 17:28:09.768089');
INSERT INTO "seminar_students" VALUES(72,3,83,NULL,NULL,0,'t',NULL,'2017-08-20 17:28:09.999470','2017-08-20 17:28:29.364808');
INSERT INTO "seminar_students" VALUES(73,3,84,NULL,NULL,0,'t',NULL,'2017-08-20 17:28:10.233225','2017-08-20 17:28:29.445428');
INSERT INTO "seminar_students" VALUES(74,3,85,NULL,NULL,0,'t',NULL,'2017-08-20 17:28:10.472807','2017-08-20 17:28:29.528331');
INSERT INTO "seminar_students" VALUES(75,3,86,NULL,NULL,0,'t',NULL,'2017-08-20 17:28:10.712644','2017-08-20 17:28:29.608487');
INSERT INTO "seminar_students" VALUES(76,3,87,NULL,NULL,1,'t',NULL,'2017-08-20 17:28:10.949816','2017-08-20 17:28:10.949816');
INSERT INTO "seminar_students" VALUES(77,3,88,NULL,NULL,2,'t',NULL,'2017-08-20 17:28:11.192202','2017-08-20 17:28:29.759630');
INSERT INTO "seminar_students" VALUES(78,3,89,NULL,NULL,2,'t',NULL,'2017-08-20 17:28:11.460380','2017-08-20 17:28:29.848222');
INSERT INTO "seminar_students" VALUES(79,3,90,NULL,NULL,0,'t',NULL,'2017-08-20 17:28:11.709259','2017-08-20 17:28:29.942120');
INSERT INTO "seminar_students" VALUES(80,3,91,NULL,NULL,1,'t',NULL,'2017-08-20 17:28:11.952454','2017-08-20 17:28:11.952454');
INSERT INTO "seminar_students" VALUES(81,3,92,NULL,NULL,1,'t',NULL,'2017-08-20 17:28:12.185000','2017-08-20 17:28:12.185000');
INSERT INTO "seminar_students" VALUES(82,3,93,NULL,NULL,2,'t',NULL,'2017-08-20 17:28:12.424920','2017-08-20 17:28:30.155501');
INSERT INTO "seminar_students" VALUES(83,3,94,NULL,NULL,2,'t',NULL,'2017-08-20 17:28:12.663461','2017-08-20 17:28:30.227720');
INSERT INTO "seminar_students" VALUES(84,3,95,NULL,NULL,1,'t',NULL,'2017-08-20 17:28:12.901975','2017-08-20 17:28:12.901975');
INSERT INTO "seminar_students" VALUES(85,3,96,NULL,NULL,1,'t',NULL,'2017-08-20 17:28:13.139506','2017-08-20 17:28:13.139506');
CREATE TABLE "seminars" ("id" INTEGER PRIMARY KEY AUTOINCREMENT NOT NULL, "name" varchar, "user_id" integer, "consultantThreshold" integer, "created_at" datetime NOT NULL, "updated_at" datetime NOT NULL);
INSERT INTO "seminars" VALUES(1,'1st Period',5,70,'2017-08-20 17:27:52.822668','2017-08-20 17:27:52.822668');
INSERT INTO "seminars" VALUES(2,'2nd Period',5,70,'2017-08-20 17:27:52.834025','2017-08-20 17:27:52.834025');
INSERT INTO "seminars" VALUES(3,'Another Teacher, First  Period',6,70,'2017-08-20 17:27:52.844657','2017-08-20 17:27:52.844657');
CREATE TABLE "student_teams" ("user_id" integer, "team_id" integer, "created_at" datetime NOT NULL, "updated_at" datetime NOT NULL);
INSERT INTO "student_teams" VALUES(15,1,'2017-08-20 17:28:31.909658','2017-08-20 17:28:31.909658');
INSERT INTO "student_teams" VALUES(16,1,'2017-08-20 17:28:31.932514','2017-08-20 17:28:31.932514');
INSERT INTO "student_teams" VALUES(17,1,'2017-08-20 17:28:31.961217','2017-08-20 17:28:31.961217');
INSERT INTO "student_teams" VALUES(19,2,'2017-08-20 17:28:32.000167','2017-08-20 17:28:32.000167');
INSERT INTO "student_teams" VALUES(20,2,'2017-08-20 17:28:32.021638','2017-08-20 17:28:32.021638');
INSERT INTO "student_teams" VALUES(21,2,'2017-08-20 17:28:32.039278','2017-08-20 17:28:32.039278');
CREATE TABLE "teams" ("id" INTEGER PRIMARY KEY AUTOINCREMENT NOT NULL, "consultancy_id" integer, "objective_id" integer, "consultant_id" integer, "bracket" integer, "created_at" datetime NOT NULL, "updated_at" datetime NOT NULL);
INSERT INTO "teams" VALUES(1,1,NULL,14,NULL,'2017-08-20 17:28:31.875386','2017-08-20 17:28:31.875386');
INSERT INTO "teams" VALUES(2,1,NULL,18,NULL,'2017-08-20 17:28:31.978380','2017-08-20 17:28:31.978380');
CREATE TABLE "users" ("id" INTEGER PRIMARY KEY AUTOINCREMENT NOT NULL, "type" varchar, "title" varchar, "first_name" varchar, "last_name" varchar, "username" varchar, "password_digest" varchar, "email" varchar, "user_number" integer, "current_class" integer, "remember_digest" varchar, "activation_digest" varchar, "activated" boolean, "activated_at" datetime, "reset_digest" varchar, "reset_sent_at" datetime, "last_login" datetime, "created_at" datetime NOT NULL, "updated_at" datetime NOT NULL);
INSERT INTO "users" VALUES(1,'Admin','Mr.','Jeff','Zivkovic','jz1','$2a$10$K2dkNEhpsF89aWJyqQC1zefilxlV8BLYXY8fmELSweKQzo2AFL0/W','zivkovic.jeff@gmail.com',1,NULL,NULL,'$2a$10$n5sP23fBZvnpXaMMG8FLNujRZLag4V8ybv4DnRHKQA4oPqAdvCqYG','t','2017-08-20 17:27:49.569351',NULL,NULL,NULL,'2017-08-20 17:27:49.699239','2017-08-20 17:27:49.699239');
INSERT INTO "users" VALUES(2,'Admin','Mr.','Second','InCommand','si2','$2a$10$nd3Sfi24jPFWvlDBeW.XFuV/70q89WQoqki3EjgXGF.WF04EjsIhC','noobsauce@gmail.com',2,NULL,NULL,'$2a$10$pnVcCR50dH3Fy7Mao0BCWeoVLnjmpYoVbmYFWdVF6/dXjkVAT6zUC','t','2017-08-20 17:27:49.850078',NULL,NULL,NULL,'2017-08-20 17:27:49.921643','2017-08-20 17:27:49.921643');
INSERT INTO "users" VALUES(3,'Admin','Mrs.','Business','Partner','bp3','$2a$10$uAIm.21zTcilh4pq2PKPJemMp4J7uGwSz92LgBGXKcZ8IZb7lRvdO','businesspartner@gmail.com',3,NULL,NULL,'$2a$10$kjV9MS2O4GkfG.kJdPn/O.nIbLluFrBd4oDOwAIPFsCrhKwfZatmC','t','2017-08-20 17:27:50.071657',NULL,NULL,NULL,'2017-08-20 17:27:50.147115','2017-08-20 17:27:50.147115');
INSERT INTO "users" VALUES(4,'Admin','Ms.','Last','Admin','la4','$2a$10$vYGgBAG8Wb89MIfKHtLnCeISo5kM95KgWYl4H1hz.I2mDcB51epoy','lastadmin@gmail.com',4,NULL,NULL,'$2a$10$X0G/DKMXovljuAL0SBjltuZ8Ha5iHYBWDwn/dkBoQGlYbdlsCAi3O','t','2017-08-20 17:27:50.296465',NULL,NULL,NULL,'2017-08-20 17:27:50.367178','2017-08-20 17:27:50.367178');
INSERT INTO "users" VALUES(5,'Teacher','Dr.','Rosalinda','Monahan','rm0','$2a$10$6lVXRBQw..4FkV6dvyc5c.ukJL2sgwmhdXQnJY1RFVtTK3YUh6luO','example-1@railstutorial.org',0,NULL,NULL,'$2a$10$0lD24.Jb9pkU2vbhRb3HGOPm82xB7gZSS4e5AMJf7lqtrQl7GF9E.','t','2017-08-20 17:27:50.819167',NULL,NULL,'2017-08-25 02:57:33.980948','2017-08-20 17:27:50.903250','2017-08-25 02:57:33.999660');
INSERT INTO "users" VALUES(6,'Teacher','Dr.','Jailyn','Kessler','jk1','$2a$10$WeYEc7HiHWoqf486Ue1TD.8GrbZHzmTFbbwruF27QqbRVxSaQEX4u','example-2@railstutorial.org',1,NULL,NULL,'$2a$10$Mjssdcj6aRdSbLBBattR9uVmzZACj1sR5dAp8HlAVCQh0slOKZ9vS','t','2017-08-20 17:27:51.051727',NULL,NULL,NULL,'2017-08-20 17:27:51.123041','2017-08-20 17:27:51.123041');
INSERT INTO "users" VALUES(7,'Teacher','Ms.','Darrell','O''Conner','do2','$2a$10$MLXjw/9QSPQY7g.auIuJ.OPpqPb5VpyBnSkX9rO3N9Kvr5K7Udfvq','example-3@railstutorial.org',2,NULL,NULL,'$2a$10$3BNvCdx5LfJEgJ3F7htNkOtB8jjEH3QmCsoREhlB8Fv/da13gCgvG','t','2017-08-20 17:27:51.272292',NULL,NULL,NULL,'2017-08-20 17:27:51.344380','2017-08-20 17:27:51.344380');
INSERT INTO "users" VALUES(8,'Teacher','Ms.','Jeanette','Klein','jk3','$2a$10$FhCO8DA5hnQGiRiFjxyZuulImwQ.uNpVqqQ2ObYhz2yvAvTXbOwUO','example-4@railstutorial.org',3,NULL,NULL,'$2a$10$a.BDHZqk1QDKCfCRrGDAOuwWPe9fDsnEFroynH1wmmXPM6Hfza3EO','t','2017-08-20 17:27:51.492834',NULL,NULL,NULL,'2017-08-20 17:27:51.565558','2017-08-20 17:27:51.565558');
INSERT INTO "users" VALUES(9,'Teacher','Ms.','Susana','Brakus','sb4','$2a$10$aVJaVH1WpzLmfB9SDHTGgez0TxKs7QvT/koHSFIVqZRTR48fSy/G2','example-5@railstutorial.org',4,NULL,NULL,'$2a$10$VDRDS5R4sucsIKzjRuOsgepEgy4HBRAU/xif4RyIWxO5DwmPQSo4i','t','2017-08-20 17:27:51.712386',NULL,NULL,NULL,'2017-08-20 17:27:51.783207','2017-08-20 17:27:51.783207');
INSERT INTO "users" VALUES(10,'Teacher','Mrs.','Woodrow','Corkery','wc5','$2a$10$FPgkNY5pHy0jWDjucrdgpeoUBWw2DHaKHJ1rw2i6p5GOnJkvq5XIS','example-6@railstutorial.org',5,NULL,NULL,'$2a$10$JdngaEoRt.FHbSOXCwZUUu5Twn8blRK8CJ31svXrBysYPp4stETGu','t','2017-08-20 17:27:51.929081',NULL,NULL,NULL,'2017-08-20 17:27:52.000653','2017-08-20 17:27:52.000653');
INSERT INTO "users" VALUES(11,'Teacher','Ms.','Izabella','Walker','iw6','$2a$10$LBDc9luqQR28KOmulcOp9eSHnnrz5CXPaxJdUMY3dQcdtN64M2Liu','example-7@railstutorial.org',6,NULL,NULL,'$2a$10$fZ6yVNuqrx4gs0.8h4iO5eZ0M1a.sVZAYIcUXo.1Ycrpa0A5JhPlO','t','2017-08-20 17:27:52.148275',NULL,NULL,NULL,'2017-08-20 17:27:52.219462','2017-08-20 17:27:52.219462');
INSERT INTO "users" VALUES(12,'Teacher','Miss','Winona','Kessler','wk7','$2a$10$Lr.pBnwvuGVp1QyL320JQ.RT4XqC63Hdl/i2AX/ofm2y0R6K0Zbse','example-8@railstutorial.org',7,NULL,NULL,'$2a$10$LCbVz3Zqe8XUcGezuU8bL.CwNMae17IEGMvQwKVNAroPIo3fdxSsS','t','2017-08-20 17:27:52.367675',NULL,NULL,NULL,'2017-08-20 17:27:52.439787','2017-08-20 17:27:52.439787');
INSERT INTO "users" VALUES(13,'Teacher','Miss','Al','Mills','am8','$2a$10$KiYjJld0XDWHn3CK7X73K.vfR4uRnJ.L.4UCJQNSWpxg2pu.zqtea','example-9@railstutorial.org',8,NULL,NULL,'$2a$10$FXBd.EPrPt6Ma64K6jrRee15g1ot3hJxikxN44Z9WJjR6OnzQblaK','t','2017-08-20 17:27:52.587031',NULL,NULL,NULL,'2017-08-20 17:27:52.659231','2017-08-20 17:27:52.659231');
INSERT INTO "users" VALUES(14,'Student','Awesome','Hellen','Rempel','hr14','$2a$10$AZ7MhPAFj7VfdBH/6sPMTOJas8mOwzf67VkZ3e192rzoe6/ZY1Vtu','example-20@railstutorial.org',14,1,NULL,'$2a$10$l98690BA6MAtPUUduUjPzel8IWoRlZrpopzku5ebtL2pfQY91LvtW',NULL,NULL,NULL,NULL,'2017-08-24 02:12:52.577752','2017-08-20 17:27:53.553415','2017-08-24 02:12:52.608978');
INSERT INTO "users" VALUES(15,'Student','Awesome','Marley','Hermann','mh15','$2a$10$UFvPV/v.tPnFq8cvte8jNOt9wbapbdLXYGdlPzHHD16JwtGkmyODS','example-21@railstutorial.org',15,NULL,NULL,'$2a$10$/b0/S8ZExiv9aTAhKvGPE.0uvtrSuK0TcFSn9mQ5C2fSAIbf/1r/m',NULL,NULL,NULL,NULL,NULL,'2017-08-20 17:27:53.789784','2017-08-20 17:28:13.384782');
INSERT INTO "users" VALUES(16,'Student','Awesome','Keenan','Mraz','km16','$2a$10$wgTwaUWpoRDc0ip/7OdtsOT9tldrO9bY5NSiMaDjvmnOrXO7B0PSO','example-22@railstutorial.org',16,NULL,NULL,'$2a$10$RfQdY4Il9ltJhH/cnKHwC.mDHBvzyv8Xc/nrViEpZIBxywxzXruGe',NULL,NULL,NULL,NULL,NULL,'2017-08-20 17:27:54.041955','2017-08-20 17:28:13.499766');
INSERT INTO "users" VALUES(17,'Student','Awesome','Jessyca','Fay','jf17','$2a$10$zy7AW1AC1mqCCWHxcaBvIegQ/WI4nVh2MQEGmWBAcH6.3I9Sj.QMm','example-23@railstutorial.org',17,NULL,NULL,'$2a$10$zLqHGlUv/8IXQWKDQ0xYYuAPK4lGcL9dOemRHzLyr7AfPh1XfgBzm',NULL,NULL,NULL,NULL,NULL,'2017-08-20 17:27:54.278533','2017-08-20 17:28:13.634086');
INSERT INTO "users" VALUES(18,'Student','Awesome','Mack','Gislason','mg18','$2a$10$WaZLZM2tApCQlQ2FKj.8TOLgKufD1wsdKq4XL6ABmw2qF8kbL8fYW','example-24@railstutorial.org',18,NULL,NULL,'$2a$10$uPa1aIfDurCsmHbLdSacpOkKXIVCAgKyTEdvwG2IRQYpNCoouG/O2',NULL,NULL,NULL,NULL,NULL,'2017-08-20 17:27:54.530362','2017-08-20 17:28:13.750228');
INSERT INTO "users" VALUES(19,'Student','Awesome','Delmer','Mohr','dm19','$2a$10$24dLKre/GewV.lwupRMloe0oLf558sS8TGCpFnTiVXY15jTzEZkN6','example-25@railstutorial.org',19,NULL,NULL,'$2a$10$S.Jv9yBEbZzAeopDwwrha.INzYwYFIF61jsbeQtkZt3yH4ziChHSS',NULL,NULL,NULL,NULL,NULL,'2017-08-20 17:27:54.766807','2017-08-20 17:28:13.884109');
INSERT INTO "users" VALUES(20,'Student','Awesome','Meda','Daniel','md20','$2a$10$5Fyq61ry2JIqOTJUQyR9Q.UihYxhbfN0g0zyCzhyqrGrekZ1by2gy','example-26@railstutorial.org',20,NULL,NULL,'$2a$10$RSZ0UwUatuH5BvvW0wyczOgaal24QIxxyyNZs0dI5m4X/V8AOARoG',NULL,NULL,NULL,NULL,NULL,'2017-08-20 17:27:54.998461','2017-08-20 17:28:14.003782');
INSERT INTO "users" VALUES(21,'Student','Awesome','Joelle','Lakin','jl21','$2a$10$8bUvQTOiRVBtVFpxmDDEnO3HY/780Kt1jA90/7jMyTpoJODke1ba.','example-27@railstutorial.org',21,NULL,NULL,'$2a$10$7owkymFSHsgWzUWPdOgaH.0QYNDNI1nMBviWNqyC1mpY5xDFgHJD6',NULL,NULL,NULL,NULL,NULL,'2017-08-20 17:27:55.232476','2017-08-20 17:28:14.127243');
INSERT INTO "users" VALUES(22,'Student','Awesome','Jerrod','Mayert','jm22','$2a$10$Gmd3udiTJGgGDkVAHqvoYursh.UwmZhjHa9gi27h3St.PRO8QvER6','example-28@railstutorial.org',22,NULL,NULL,'$2a$10$xtZiiwKyLzTI9VwwMwKm3OewcTyrWXl1FSbBTJxagNnJtJ51tZvYy',NULL,NULL,NULL,NULL,NULL,'2017-08-20 17:27:55.472449','2017-08-20 17:28:14.258599');
INSERT INTO "users" VALUES(23,'Student','Awesome','Timmothy','Paucek','tp23','$2a$10$wWyeLUxiOudqFOgyrIilGOuB/cnbmKFQEp90Hdg.Qy412tKxifzIm','example-29@railstutorial.org',23,NULL,NULL,'$2a$10$CF9/1vNTBk5NoQbKkRytjOKa3FQKteo4X2q4VLvzue.E4N3K5XGD.',NULL,NULL,NULL,NULL,NULL,'2017-08-20 17:27:55.728722','2017-08-20 17:28:14.377706');
INSERT INTO "users" VALUES(24,'Student','Awesome','Bryce','Mohr','bm24','$2a$10$9fNOgWGrnB8PUMXToKnbKOfwEjNvf5jLBuw26NFfIwvpmEuNJCog6','example-30@railstutorial.org',24,NULL,NULL,'$2a$10$.pCs2eh6OACfjUGVQVlJzO8l5PCXMbKEJz8KA23oMZCOf4yxGFwKm',NULL,NULL,NULL,NULL,NULL,'2017-08-20 17:27:55.971060','2017-08-20 17:28:14.503955');
INSERT INTO "users" VALUES(25,'Student','Awesome','Manley','Jast','mj25','$2a$10$Yt9Tb8j815SD3z2TYtDe3eRkbotTD0hlAuDyom22KIPnqUfqCT1JC','example-31@railstutorial.org',25,NULL,NULL,'$2a$10$/Oli/aMVgv1bCojiG8CJLe1yuK4xyISVqd6TtMSeORWfqYWkHiR8C',NULL,NULL,NULL,NULL,NULL,'2017-08-20 17:27:56.205701','2017-08-20 17:28:14.627765');
INSERT INTO "users" VALUES(26,'Student','Awesome','Lesley','Bode','lb26','$2a$10$YSb0FpvKLeET5irEoYZQluz8XUvG5JSJsJHdt/gSGSBSXXW8d7WaS','example-32@railstutorial.org',26,NULL,NULL,'$2a$10$6NWnEtG9oTJbi7XuhS4kNee3/yPmN3O753cezjJ5PztTcl22rweQO',NULL,NULL,NULL,NULL,NULL,'2017-08-20 17:27:56.438850','2017-08-20 17:28:14.747126');
INSERT INTO "users" VALUES(27,'Student','Awesome','Irving','Lowe','il27','$2a$10$m/.wr9mu5TkcVkRS7G5zFOpeXUKnDjSEDy388req9mvTFX2Q4flrO','example-33@railstutorial.org',27,NULL,NULL,'$2a$10$D87YhEqOujim5Fjm6fKkJuGSmMIW.FKBadcMronhH/RrKR/WaQXg2',NULL,NULL,NULL,NULL,NULL,'2017-08-20 17:27:56.671643','2017-08-20 17:28:14.869101');
INSERT INTO "users" VALUES(28,'Student','Awesome','Loren','Emard','le28','$2a$10$JY4jcXU6YRWDdNl.SaFdf.pCJbnqhs/fjmSFx1cwMB6ozAPfUN4jC','example-34@railstutorial.org',28,NULL,NULL,'$2a$10$kcybO.CS231aR4//JJim3eOu7WhbEivO.1vTA4QGICPbLKS2oHtXK',NULL,NULL,NULL,NULL,NULL,'2017-08-20 17:27:56.898765','2017-08-20 17:28:14.988925');
INSERT INTO "users" VALUES(29,'Student','Awesome','Verla','Lowe','vl29','$2a$10$ER2oESzcstpWpnwBnY3PAO/.YMmx1oaen5AQmgYPu1qVPDBmPKX6S','example-35@railstutorial.org',29,NULL,NULL,'$2a$10$HUUtnRdfuWZ/FJnw7ynUEu6ZamKR54VAueIDWezbq2L3eVN6a7q0m',NULL,NULL,NULL,NULL,NULL,'2017-08-20 17:27:57.144147','2017-08-20 17:28:15.136233');
INSERT INTO "users" VALUES(30,'Student','Awesome','Mya','Smith','ms30','$2a$10$F4zzA5BmD4cE2NtZA7pWm.mWwj.I65RdpDA19r9zgdo5q0VvlOuj.','example-36@railstutorial.org',30,NULL,NULL,'$2a$10$sewnepgCq.tvnzup2Xo4ZulXK2JI.JbzCmS/N2rD9j3bBMMgaXOte',NULL,NULL,NULL,NULL,NULL,'2017-08-20 17:27:57.383315','2017-08-20 17:28:15.258751');
INSERT INTO "users" VALUES(31,'Student','Awesome','Caterina','Blanda','cb31','$2a$10$Y3vcf6np5HgIsUTL5mGC9O57WI9JHJ1.R1smkiCvJuUVaZgvAVitC','example-37@railstutorial.org',31,NULL,NULL,'$2a$10$avPcC3FVquVeguanyYAx8OoIQ2l8QEZQx2ZKRWRpLUPm/uXO.K5t2',NULL,NULL,NULL,NULL,NULL,'2017-08-20 17:27:57.621950','2017-08-20 17:28:15.377561');
INSERT INTO "users" VALUES(32,'Student','Awesome','Gina','Batz','gb32','$2a$10$O4Z/n7WFzUhgthlUkgAs0.pRrv2rdzvMiGvDEwzNXyuUDQT0vgH4y','example-38@railstutorial.org',32,NULL,NULL,'$2a$10$XiKxZFsMueokKCF9UaSk2.HCufMU6EsdkamQyU.49GamApg2eSqOm',NULL,NULL,NULL,NULL,NULL,'2017-08-20 17:27:57.867586','2017-08-20 17:28:15.499569');
INSERT INTO "users" VALUES(33,'Student','Awesome','Tad','Prohaska','tp33','$2a$10$XNET95MR6xj/tPmHbKO3sep6Gyb.MczL2duQWAdMkqhW5UVJwRj9S','example-39@railstutorial.org',33,NULL,NULL,'$2a$10$7WMUlW5jlXFYsPPW6UkVbufgDFTrW9Y3Cn3EfsSA2xQ17FHPh1CMu',NULL,NULL,NULL,NULL,NULL,'2017-08-20 17:27:58.102216','2017-08-20 17:28:15.621591');
INSERT INTO "users" VALUES(34,'Student','Awesome','Mafalda','O''Connell','mo34','$2a$10$dDAzMOh.oVFl7LGlxmWKvO31Q4VuaIRbk1S2tB5cWyTVpj/7DHNCW','example-40@railstutorial.org',34,NULL,NULL,'$2a$10$RPfmFxSP0X0OmpFs0uwF4.Brbjp.fNwRtch8B3uUKIe8b1JlxWp5G',NULL,NULL,NULL,NULL,NULL,'2017-08-20 17:27:58.343764','2017-08-20 17:28:15.741177');
INSERT INTO "users" VALUES(35,'Student','Awesome','Lois','DuBuque','ld35','$2a$10$SIzQext8oNNYPzxaP6L1P.3Nw7iJTBoV3MmjOBfSOPlH84vEjSW4.','example-41@railstutorial.org',35,NULL,NULL,'$2a$10$ISBT6aSMr26/lrj.o3vMDOTBxl2bdHKgn9rjMe2rCrPQXyqf0mwh.',NULL,NULL,NULL,NULL,NULL,'2017-08-20 17:27:58.595276','2017-08-20 17:28:15.868230');
INSERT INTO "users" VALUES(36,'Student','Awesome','Elyssa','Purdy','ep36','$2a$10$XW.ivEBEuCrtQr8.qrKtPewJonjKEdA2C1x84uIuzrjEIbynge.ae','example-42@railstutorial.org',36,NULL,NULL,'$2a$10$uX.OCvbDqhHHFT5RFN/3z.fvMiO17wiR54e8fpQtMRxu8lg.r/ZDq',NULL,NULL,NULL,NULL,NULL,'2017-08-20 17:27:58.833201','2017-08-20 17:28:15.983669');
INSERT INTO "users" VALUES(37,'Student','Awesome','Ulices','Bode','ub37','$2a$10$9oHLJNqU.SgV9RduDsLDD.U1n9SoDdfS5JET.cmZpRJO97nvk1uXm','example-43@railstutorial.org',37,NULL,NULL,'$2a$10$Y5gZqh0cpyUZpeT9wAq7WOX.rT6QISycrpEz8Bbrq.UPIoD7LAjqe',NULL,NULL,NULL,NULL,NULL,'2017-08-20 17:27:59.076709','2017-08-20 17:28:16.095102');
INSERT INTO "users" VALUES(38,'Student','Awesome','Estell','Pfeffer','ep38','$2a$10$bwe1wkJZxcKBE6lnbjhZe.ll6irdQfN5dLB5lbv5gDVKTYt3PNBW2','example-44@railstutorial.org',38,NULL,NULL,'$2a$10$lfkhu6YGOKikeo3eT0gwBu6meg0qqDLr3njHyIxJJYupT1KouVEry',NULL,NULL,NULL,NULL,NULL,'2017-08-20 17:27:59.321631','2017-08-20 17:28:16.215630');
INSERT INTO "users" VALUES(39,'Student','Awesome','Patience','Roberts','pr39','$2a$10$UDtGws7VpNwPCjfy047nCOu3xQ0AmdfaYe3.CTwA6HtiVHonPXlpm','example-45@railstutorial.org',39,NULL,NULL,'$2a$10$fPeoLFZ6AloUTCcxIbf4Le/1UxBKGlQEXctKrlcN42pT9zkAdhibO',NULL,NULL,NULL,NULL,NULL,'2017-08-20 17:27:59.554378','2017-08-20 17:28:16.326913');
INSERT INTO "users" VALUES(40,'Student','Awesome','Juana','Watsica','jw40','$2a$10$/Vi9MJDzCh1QlPrw/9DjB.L5ZSmUZTpCkmeGuinid8wIvIJ7EOiHy','example-46@railstutorial.org',40,NULL,NULL,'$2a$10$Luc.7e4LvYLoDbwystwTSOm1FWFxcBGXeDz7MBrKdti4WuVXliYgG',NULL,NULL,NULL,NULL,NULL,'2017-08-20 17:27:59.796099','2017-08-20 17:28:16.449936');
INSERT INTO "users" VALUES(41,'Student','Awesome','Icie','Halvorson','ih41','$2a$10$gNnZl23gvQBZCV96ruJwH.5Cwo/SNOETc92FJk9wztfQW1/Jall4K','example-47@railstutorial.org',41,NULL,NULL,'$2a$10$ialtBa1VE2I3vFv9j81uG.7dM1.U.Asq4VXTQmwYCOLpTU.boAmPq',NULL,NULL,NULL,NULL,NULL,'2017-08-20 17:28:00.038610','2017-08-20 17:28:16.574792');
INSERT INTO "users" VALUES(42,'Student','Awesome','Rosalyn','Ullrich','ru42','$2a$10$2KD1pwG/qPiyOtpbTa12O.3POLKYS5wEPCNLG.aAXJttDykvZTvtC','example-48@railstutorial.org',42,NULL,NULL,'$2a$10$tjnYJEC1uNwHBHsjF3mKy.P/yeduOyskeGRXuPDlnRHMoAHmwJZJK',NULL,NULL,NULL,NULL,NULL,'2017-08-20 17:28:00.283260','2017-08-20 17:28:16.691997');
INSERT INTO "users" VALUES(43,'Student','Awesome','Renee','Ebert','re43','$2a$10$GZzi7Tyqh2l0qEWjW1Dn9.lBbiWcXesNs8vaL2T78ww05pEaaeGgy','example-50@railstutorial.org',43,NULL,NULL,'$2a$10$JvTwIVO4FrmatGZ6pzN3hePizlAXlMdqgu9BiFDkmbns3SVVxsXe6',NULL,NULL,NULL,NULL,NULL,'2017-08-20 17:28:00.556096','2017-08-20 17:28:16.810203');
INSERT INTO "users" VALUES(44,'Student','Awesome','Kory','Rogahn','kr44','$2a$10$lPlOs30jl0fucXT8gy60susKqWqdg/V64UYGHphdvYNeQjO0kk3Qq','example-51@railstutorial.org',44,NULL,NULL,'$2a$10$tn7UiPQttl1j.22jy0aacuzWDWt.BYZMYnHMqlDsVi7LFEQe36WnW',NULL,NULL,NULL,NULL,NULL,'2017-08-20 17:28:00.792451','2017-08-20 17:28:16.919517');
INSERT INTO "users" VALUES(45,'Student','Awesome','Gussie','Rath','gr45','$2a$10$jNLCBjgPujby/tzajBCyJegl1R37tPJrR0HkguONOI12CvO/d3kfS','example-52@railstutorial.org',45,NULL,NULL,'$2a$10$eKz083X/5Qwx1B8g8CvuEeZ.Sc08gDxUNm7t0DpH/T/pP0sHLBzC.',NULL,NULL,NULL,NULL,NULL,'2017-08-20 17:28:01.034150','2017-08-20 17:28:17.027675');
INSERT INTO "users" VALUES(46,'Student','Awesome','Katlynn','Dare','kd46','$2a$10$XJS162A5FO/ZGHymMe64NOX/d3v5dP0Ci.n1CjaeT6c7ENXiLJg6e','example-53@railstutorial.org',46,NULL,NULL,'$2a$10$qreekfFTzGWHSDfNociZiOHbEb5laAUaWe82lF3IECrY3Y4RGkzee',NULL,NULL,NULL,NULL,NULL,'2017-08-20 17:28:01.274789','2017-08-20 17:28:17.139189');
INSERT INTO "users" VALUES(47,'Student','Awesome','Alfonso','Aufderhar','aa47','$2a$10$fWqC.UlG9TSCi1F5l/Eklug62tqpi3xOc/yK9M.LD34e40jry98W2','example-54@railstutorial.org',47,NULL,NULL,'$2a$10$sb6PUtDvTbS7anb063D1/ubb9qbHaNcA/2/7Vt.chYw84/Gg4/I46',NULL,NULL,NULL,NULL,NULL,'2017-08-20 17:28:01.524514','2017-08-20 17:28:17.248341');
INSERT INTO "users" VALUES(48,'Student','Awesome','Elsie','Cummings','ec48','$2a$10$l2rVQfh4R8mBoLHv1QWymeMUOQTeH6s8.HLZ9u61ilKyh0ClQNFnm','example-55@railstutorial.org',48,NULL,NULL,'$2a$10$ZFET7nArmhcfmN2XZ.CjaOl0hAR2xViUb.0YUkVD0vQRA2L5Kdu.m',NULL,NULL,NULL,NULL,NULL,'2017-08-20 17:28:01.770235','2017-08-20 17:28:17.361501');
INSERT INTO "users" VALUES(49,'Student','Awesome','Denis','Hessel','dh49','$2a$10$erbRtd8AWZAIXjZ1NFsZs.4qvz2j4D5elIoFQI66TyLvKLrfs40Dq','example-56@railstutorial.org',49,NULL,NULL,'$2a$10$AoZbUgrtqdhDa9Gz1H5bSu0LdiXjiOguEorEHSwPhPzWR0X7FyzNW',NULL,NULL,NULL,NULL,NULL,'2017-08-20 17:28:02.024751','2017-08-20 17:28:17.468029');
INSERT INTO "users" VALUES(50,'Student','Awesome','Kathryn','Treutel','kt50','$2a$10$A57QNjbO7Rc60CvTYt6khuZ8hJK1FKD1A.TvDPuopir7yFURoE6jW','example-57@railstutorial.org',50,NULL,NULL,'$2a$10$OVKEJlRPCVV8mqut86MSK.xJJ9yZujaZf08X7X4DCFifdzRz.i/Oe',NULL,NULL,NULL,NULL,NULL,'2017-08-20 17:28:02.256255','2017-08-20 17:28:17.576331');
INSERT INTO "users" VALUES(51,'Student','Awesome','Rhianna','Larson','rl51','$2a$10$isJj9/o0PiDk3P3SBP27RuPB7I9OFniuRc5OIFNJhC8xkL4/U0K5C','example-58@railstutorial.org',51,NULL,NULL,'$2a$10$657OHXUJ1m9lNACNhHzZTe53Td8qldUSkyIhoKyWAfToKS.IYAan2',NULL,NULL,NULL,NULL,NULL,'2017-08-20 17:28:02.487995','2017-08-20 17:28:17.684757');
INSERT INTO "users" VALUES(52,'Student','Awesome','Lavonne','Schoen','ls52','$2a$10$e5A.OxoFPGVYRRFuGqlOLuHzE.QthOWkGPAqFSe81H8JkSFYhQVKW','example-59@railstutorial.org',52,NULL,NULL,'$2a$10$mZ59o4LjKpw9K0noE4fAfulld3CQFO9Z656dqa.fG.pvhOqNoOEQi',NULL,NULL,NULL,NULL,NULL,'2017-08-20 17:28:02.718807','2017-08-20 17:28:17.788846');
INSERT INTO "users" VALUES(53,'Student','Awesome','Breanne','O''Reilly','bo53','$2a$10$VjhVkv/ed/1ErdcJt1tF.uqi92PA2WRdbxHvejY/P5rE6UxCLq1GK','example-60@railstutorial.org',53,NULL,NULL,'$2a$10$k3myhs3fLoTmGUWYx89fiOAJsVhL3zNoZSanMYVR7lkL9Gk.A37oG',NULL,NULL,NULL,NULL,NULL,'2017-08-20 17:28:02.952988','2017-08-20 17:28:17.896953');
INSERT INTO "users" VALUES(54,'Student','Awesome','Gerry','Quigley','gq54','$2a$10$qEX3bCCSlBbsFwk/hH0D3eHgG52PpOnj3zZj8oMY5l/jEo1aqgW0e','example-61@railstutorial.org',54,NULL,NULL,'$2a$10$aDeETFrAzNs3t5vBAfpcneQtdzk.t.UI0hhqP5xws6W27a0k4xcVO',NULL,NULL,NULL,NULL,NULL,'2017-08-20 17:28:03.193889','2017-08-20 17:28:18.000875');
INSERT INTO "users" VALUES(55,'Student','Awesome','Calista','Emmerich','ce55','$2a$10$gt6LMqo2o0Y1gs0I.RYCBOcUOYiKA9gu0cgjGrPE8UMmdDZQMSFAe','example-62@railstutorial.org',55,NULL,NULL,'$2a$10$ARTe.4TYUmOtWNgv.6B6QuTxhlVD3NHiKoh8E5ZLMfqxTghIBod6.',NULL,NULL,NULL,NULL,NULL,'2017-08-20 17:28:03.418157','2017-08-20 17:28:18.106417');
INSERT INTO "users" VALUES(56,'Student','Awesome','Oren','Bogisich','ob56','$2a$10$DjVvX3XUErAUKFRehakwg.L4sL4vJG0YU.XUbA0V1Sdzck/50A6km','example-63@railstutorial.org',56,NULL,NULL,'$2a$10$zCqm9uYmeylHDlUG15chJeHqVgJyuug7Hq/8MMqRAkBpNl/5g7YR6',NULL,NULL,NULL,NULL,NULL,'2017-08-20 17:28:03.647217','2017-08-20 17:28:18.209991');
INSERT INTO "users" VALUES(57,'Student','Awesome','Dereck','Cassin','dc57','$2a$10$ZGbHnO2NKiY./hjiul94tOq7tRJR/OR02Es6NNLcoSwdaB2xGNHQ2','example-64@railstutorial.org',57,NULL,NULL,'$2a$10$t4FMOAM4BW3cHpC.CL/m0eYgD2RrHeLxVb4b3IJBh1KKk9y0NthgS',NULL,NULL,NULL,NULL,NULL,'2017-08-20 17:28:03.880222','2017-08-20 17:28:18.314886');
INSERT INTO "users" VALUES(58,'Student','Awesome','Will','Jast','wj58','$2a$10$9V6RLXsYjiLQ5DCGxj5bB.lFg3pUNL8GMNLZP63wbK74opx5Mi8AG','example-65@railstutorial.org',58,NULL,NULL,'$2a$10$Kd3Qp5AyDq/0kjy4dU3zouHbHE.HXocEcJv.SYMK5Irfc5GeEjBiW',NULL,NULL,NULL,NULL,NULL,'2017-08-20 17:28:04.122439','2017-08-20 17:28:18.421227');
INSERT INTO "users" VALUES(59,'Student','Awesome','Assunta','Marks','am59','$2a$10$dAXoYvk1OoiNHf1IIQCVruVUEVSjXF3ipeXItpq/zUF9bpzKNXLUy','example-66@railstutorial.org',59,NULL,NULL,'$2a$10$0Ad5n5iEvnewRuw3aDYUveAyBzkCd3jSNwu8EabLXc8XjdlDzm.32',NULL,NULL,NULL,NULL,NULL,'2017-08-20 17:28:04.354156','2017-08-20 17:28:18.546150');
INSERT INTO "users" VALUES(60,'Student','Awesome','Julia','Howe','jh60','$2a$10$22WXHArw7l5I/PJO8VEC5uzxgE78DQu/lWRMC9B2eM0.dqzXOnOkW','example-67@railstutorial.org',60,NULL,NULL,'$2a$10$D1LL/drvUlGd/Yw82r3LROp2uVmLWt1SWz7pnAV/fXZ9CFJ.KRfXO',NULL,NULL,NULL,NULL,NULL,'2017-08-20 17:28:04.588102','2017-08-20 17:28:18.650473');
INSERT INTO "users" VALUES(61,'Student','Awesome','Richard','Wuckert','rw61','$2a$10$8DPT4XTXlGDPskoRB.PjmedwlefTGWf1XlobYFFl4qiqApxQZrhiC','example-100@railstutorial.org',61,NULL,NULL,'$2a$10$1nUL3rkMfvz1VzFbsEFjp.nhpTqN6lETCX6KhAfvKra6F3otLhKgK',NULL,NULL,NULL,NULL,NULL,'2017-08-20 17:28:04.819523','2017-08-20 17:28:18.753288');
INSERT INTO "users" VALUES(62,'Student','Awesome','Moises','Windler','mw62','$2a$10$/8KktGpR4yxPNzcTaPV16OaOB8PCKu1apfu27tCjItKYDs./HVauO','example-101@railstutorial.org',62,NULL,NULL,'$2a$10$TE9kJ43QA11Qb7JKXbf2LODoAgyZYjuc/RtfV6bPOiGejd0BGmilG',NULL,NULL,NULL,NULL,NULL,'2017-08-20 17:28:05.045276','2017-08-20 17:28:18.862796');
INSERT INTO "users" VALUES(63,'Student','Awesome','Else','Ritchie','er63','$2a$10$IVJYlEdYBOwavkokV368kui2kNjfzkFCM8nmTbzgd6F7/qpVSVi2K','example-102@railstutorial.org',63,NULL,NULL,'$2a$10$fVi73c.Nx2NX14Wo8QC/h.vdQgjTNk9fOOjp5QQmvgW2WZONBYbtq',NULL,NULL,NULL,NULL,NULL,'2017-08-20 17:28:05.275442','2017-08-20 17:28:18.970219');
INSERT INTO "users" VALUES(64,'Student','Awesome','Everett','Rogahn','er64','$2a$10$ENX5frvL6Kdz6ic.g3zGwOnYZCrk8mO47p1602n7whbCmioE5baOW','example-103@railstutorial.org',64,NULL,NULL,'$2a$10$tvDErkVgjJ.ZHJTLvzueD.kCt8ouZGTZCnQYI6mUUTgQX/yZqbtCq',NULL,NULL,NULL,NULL,NULL,'2017-08-20 17:28:05.505232','2017-08-20 17:28:19.093549');
INSERT INTO "users" VALUES(65,'Student','Awesome','Neal','Ondricka','no65','$2a$10$g9BwqNeuokkQbZT/rnqYqOpuAaTclwn0Pj36xNAzBifmx4K3Pv3qW','example-104@railstutorial.org',65,NULL,NULL,'$2a$10$M3YJWiay9nNblCIeeOn/detTUBlpd3kpNRMjrqPj9YHUevFIWi8v.',NULL,NULL,NULL,NULL,NULL,'2017-08-20 17:28:05.732867','2017-08-20 17:28:19.210428');
INSERT INTO "users" VALUES(66,'Student','Awesome','Roy','Heaney','rh66','$2a$10$Qh45jrLgJrZLqe3COPDOkO3xYcAYIXYoMCK4QiTvP44Dtxn2gkeFm','example-105@railstutorial.org',66,NULL,NULL,'$2a$10$NI4XaDzgDwx5GSMhTJn6IOX/u.8xrtxxVUo9xqJOR1cvCG/Y1x54m',NULL,NULL,NULL,NULL,NULL,'2017-08-20 17:28:05.958847','2017-08-20 17:28:19.320597');
INSERT INTO "users" VALUES(67,'Student','Awesome','Carol','Goodwin','cg67','$2a$10$ACsoWoJmj2E2.JcoX1laeuWwE3iOTgFjZe./68JC7Oeis01r9HaUu','example-106@railstutorial.org',67,NULL,NULL,'$2a$10$A528NeT.kKwGpalTUZhpCeDAWAAIm5faWzgy48Stj/WXtGSajnCgq',NULL,NULL,NULL,NULL,NULL,'2017-08-20 17:28:06.190221','2017-08-20 17:28:19.425737');
INSERT INTO "users" VALUES(68,'Student','Awesome','Kristofer','Gaylord','kg68','$2a$10$aG.5cjfjNRH4AV0HeNL9YuGC137/9ZoOHYd13imO2HJTbLk6gzi62','example-107@railstutorial.org',68,NULL,NULL,'$2a$10$mclVSvuLp4dh.EjWxcj0q.e..avY1pKSRE3Rr0wX8LxQA9LYP9At.',NULL,NULL,NULL,NULL,NULL,'2017-08-20 17:28:06.419734','2017-08-20 17:28:19.536828');
INSERT INTO "users" VALUES(69,'Student','Awesome','Jewell','Simonis','js69','$2a$10$Iog4hsMQ.pbOiGkWJ01aJ.9970dRQ01em2oT009LDWh.i7GnHPzgO','example-108@railstutorial.org',69,NULL,NULL,'$2a$10$dG7mi2Lj3HYhiHBni95eu.e8B7kxC04ChGGdvxg/C335wBGpbBTve',NULL,NULL,NULL,NULL,NULL,'2017-08-20 17:28:06.644213','2017-08-20 17:28:19.641112');
INSERT INTO "users" VALUES(70,'Student','Awesome','Abdiel','Kutch','ak70','$2a$10$pnt6Z0tpLBKyqnk7Ym2/VeGiqcPcRrbcWmM6vVWkBKqY3yM85oedG','example-109@railstutorial.org',70,NULL,NULL,'$2a$10$6Qq61oZhcdHUsu/bFtaVEuYIYfNowtuNWn0j5Ic6ExbDfRQr3.TYq',NULL,NULL,NULL,NULL,NULL,'2017-08-20 17:28:06.864964','2017-08-20 17:28:19.752682');
INSERT INTO "users" VALUES(71,'Student','Awesome','Pete','Tillman','pt71','$2a$10$1owkEWTvvLus4cxcxZKfyOL873hWv3gnkfiTdoYxR4ApHkVMya1V6','example-110@railstutorial.org',71,NULL,NULL,'$2a$10$jKeDyubL/nLxaiilw/jFSOzJpVTg1/gENfMzhMJHf2XMfDwL0xdum',NULL,NULL,NULL,NULL,NULL,'2017-08-20 17:28:07.091328','2017-08-20 17:28:19.860822');
INSERT INTO "users" VALUES(72,'Student','Awesome','Cora','Lehner','cl72','$2a$10$b8gKFy0yryPE.8lxX89ureuiuy8HqcX7KUFwYBqXFdiPyY3BiBShu','example-111@railstutorial.org',72,NULL,NULL,'$2a$10$hjSk2HeYvD1h2eU/fcp9EuxfHCiyT662MMrv1GVRGQtX9Oi.c4iJu',NULL,NULL,NULL,NULL,NULL,'2017-08-20 17:28:07.325523','2017-08-20 17:28:19.969567');
INSERT INTO "users" VALUES(73,'Student','Awesome','Korey','Reilly','kr73','$2a$10$UW886T7qU9XcEEFdmSy2N.Zwco.Ory7ZEHRPkMji9CUD7hPd3O4ve','example-112@railstutorial.org',73,NULL,NULL,'$2a$10$fqF0xIT1WFCDwjLdOQARxOPUfMOL1/GobGOkG7yjHMGG8jOEDvZ4.',NULL,NULL,NULL,NULL,NULL,'2017-08-20 17:28:07.550011','2017-08-20 17:28:20.095373');
INSERT INTO "users" VALUES(74,'Student','Awesome','Berta','Harber','bh74','$2a$10$vSvdNmpWravGY7SfaPvMUu2WLlTk7rwU97JUhl/V23RbDEaccVvty','example-113@railstutorial.org',74,NULL,NULL,'$2a$10$5a0I8sp4hzNg115E8ul5JexDbHuoLmo8tpXZ1eoyjMJYVURsiKg92',NULL,NULL,NULL,NULL,NULL,'2017-08-20 17:28:07.774779','2017-08-20 17:28:20.196945');
INSERT INTO "users" VALUES(75,'Student','Awesome','Adolph','Durgan','ad75','$2a$10$C1mAhufkHExQAZvMhQs0juX72ptLs99VBi7zBeMxVzi9dNVecbaJa','example-114@railstutorial.org',75,NULL,NULL,'$2a$10$p6qMja3Cc0KTJxRRs1VgHu0Qx1c55hxgu50qC9KHYk6r8LfERJM4W',NULL,NULL,NULL,NULL,NULL,'2017-08-20 17:28:08.000129','2017-08-20 17:28:20.305573');
INSERT INTO "users" VALUES(76,'Student','Awesome','Belle','Marks','bm76','$2a$10$HUdzKOawXFhvdLJTQEhwqeQiSgTRtdO9ygldHNnhEzsefDwvh8sY6','example-115@railstutorial.org',76,NULL,NULL,'$2a$10$NXo5Jkm7jXouTCKb.tWcgO35dpfkQ0c7kBvtRWnSVN0Bm8hlivrSC',NULL,NULL,NULL,NULL,NULL,'2017-08-20 17:28:08.225183','2017-08-20 17:28:20.412264');
INSERT INTO "users" VALUES(77,'Student','Awesome','Cortez','Koepp','ck77','$2a$10$8qe4Q/URgRTQan0RHyG/5uespOHDdN70kZ/hGyFTYeAqbaZGAabAy','example-116@railstutorial.org',77,NULL,NULL,'$2a$10$663/I.jYkLQYWzW8auCsg.Rl5vu.vghnNTWC2JowgD6p6VqJN/.hK',NULL,NULL,NULL,NULL,NULL,'2017-08-20 17:28:08.451333','2017-08-20 17:28:20.516608');
INSERT INTO "users" VALUES(78,'Student','Awesome','Noah','Senger','ns78','$2a$10$RTkKWgRcvRjruMXdE7N9Z.EzdEU9/Rv.QrmdaPDlaCtZGp87hLmEO','example-117@railstutorial.org',78,NULL,NULL,'$2a$10$VrnVbfSW/LBb48AAucX2tu5uB/5p6VPmv4o6ZXGrmE.kJBe7rn21a',NULL,NULL,NULL,NULL,NULL,'2017-08-20 17:28:08.678979','2017-08-20 17:28:20.627859');
INSERT INTO "users" VALUES(79,'Student','Awesome','Presley','Crooks','pc79','$2a$10$QA/IUfbfEoYNB6iNYl6gweB7Zy.fgWAHmvZHQcW3x8j6LzNH4f2HS','example-118@railstutorial.org',79,NULL,NULL,'$2a$10$p1JiiNldbea5H01q5UDK.eJIV84vrYUFLdTqlAbeOZ3y5Z3GeV6aO',NULL,NULL,NULL,NULL,NULL,'2017-08-20 17:28:08.905829','2017-08-20 17:28:20.734378');
INSERT INTO "users" VALUES(80,'Student','Awesome','Kyleigh','Batz','kb80','$2a$10$9lbiGg/AQyyA1Knu7d/55OqyLAem9tqsVBvlv3FAXkNUxb3ZLogoy','example-119@railstutorial.org',80,NULL,NULL,'$2a$10$6OFIosMoxiZLgusQDyrINOYZnXvPdTW8UGsd2JTEeHrCVRCygJTXe',NULL,NULL,NULL,NULL,NULL,'2017-08-20 17:28:09.136548','2017-08-20 17:28:20.837409');
INSERT INTO "users" VALUES(81,'Student','Awesome','Cory','Bosco','cb81','$2a$10$zTRujw/ysCkS01bxi5fOyuUtfuCKEkAowxC9EFXpZFd1A5LbGenPm','example-120@railstutorial.org',81,NULL,NULL,'$2a$10$ZTQpCT.oB6RW7xYYpia7jO6sdcqgTN/qZg5dZOCo.UJ9MZzJus1Gi',NULL,NULL,NULL,NULL,NULL,'2017-08-20 17:28:09.383337','2017-08-20 17:28:20.944342');
INSERT INTO "users" VALUES(82,'Student','Awesome','Winnifred','Weissnat','ww82','$2a$10$o49TYW7orOxuyshJXWxkoejiqDKOBeJUUBnZszY2is7K0Jkbpm5vm','example-121@railstutorial.org',82,NULL,NULL,'$2a$10$xQ6DkoUFompxKKrpAkManueBembBfwCdE/Ja16Y6xNiwq6KSSsLIa',NULL,NULL,NULL,NULL,NULL,'2017-08-20 17:28:09.619645','2017-08-20 17:28:21.050055');
INSERT INTO "users" VALUES(83,'Student','Awesome','Aaliyah','Trantow','at83','$2a$10$y2jmhZ4vAP1co7BLDWJTt.rsjO7Pxm3HJceMJLWMsA3FSw9IZ74DG','example-122@railstutorial.org',83,NULL,NULL,'$2a$10$FwRQoqj6szj/NJYyPuHOsOTWq7pNnPVJLc6puoH3ZGgZ1F7o1ca32',NULL,NULL,NULL,NULL,NULL,'2017-08-20 17:28:09.852227','2017-08-20 17:28:21.153756');
INSERT INTO "users" VALUES(84,'Student','Awesome','Kyla','Wiegand','kw84','$2a$10$M7zN.cj3IaVwHLEmpxi1YO74YbRvGeFNkuFZ3xMe69G3qpiGsCFUS','example-123@railstutorial.org',84,NULL,NULL,'$2a$10$Ha7jRxonC4ccSyXHDimGye9iV9cOIKuR3D7DMoac5ehmzcx0NPaRO',NULL,NULL,NULL,NULL,NULL,'2017-08-20 17:28:10.083177','2017-08-20 17:28:21.256708');
INSERT INTO "users" VALUES(85,'Student','Awesome','Giovani','Legros','gl85','$2a$10$f2esgCpZvqP90TyM8a2DzOhmI2RjmEL5opxnF/Nqw8EI9qo6aOhIW','example-124@railstutorial.org',85,NULL,NULL,'$2a$10$YowKc3d/4OUouxe/3UOYX.OrAV/JfJwqKo7WiFTxBnufCEnpSk4EW',NULL,NULL,NULL,NULL,NULL,'2017-08-20 17:28:10.320255','2017-08-20 17:28:21.360794');
INSERT INTO "users" VALUES(86,'Student','Awesome','Alan','Padberg','ap86','$2a$10$JMxVcvPeY4mSiTGL8yOjAOyLpvd5rEMvbE/g.flNBgN99M6m1vn7S','example-125@railstutorial.org',86,NULL,NULL,'$2a$10$gU/DkStR5.dV3MLFvfK03u7XDI0LVYeZBKZrW6U2crReFQmiagzZO',NULL,NULL,NULL,NULL,NULL,'2017-08-20 17:28:10.559706','2017-08-20 17:28:21.465190');
INSERT INTO "users" VALUES(87,'Student','Awesome','Madaline','Nienow','mn87','$2a$10$k6wmYSlM4iTlK1UqLApFsOnW9N0b21SR4Pf0vC4PFOROiY8kTsbKa','example-126@railstutorial.org',87,NULL,NULL,'$2a$10$y9vzodRxpisB0jK3kqEwqOGV2WNrqEtYxyHP3NBRjTlM2ODVtcWlG',NULL,NULL,NULL,NULL,NULL,'2017-08-20 17:28:10.798104','2017-08-20 17:28:21.577901');
INSERT INTO "users" VALUES(88,'Student','Awesome','Bernice','Littel','bl88','$2a$10$i9Rn8F3yfhEGD.INnh84zeunzapjWxEzFfwpMk.PsKBaf.PBn/40u','example-127@railstutorial.org',88,NULL,NULL,'$2a$10$TxSDr0Z95hpY5LO/K7AUBuo10B8HtHBi/s2oVNQJL7VzY76S4xT9O',NULL,NULL,NULL,NULL,NULL,'2017-08-20 17:28:11.037518','2017-08-20 17:28:21.684683');
INSERT INTO "users" VALUES(89,'Student','Awesome','Gideon','Daniel','gd89','$2a$10$cTRIXFPJEZtwxW5tLKARMeb8WUZLWDHZtlcRElyVJ/4Wh6T7NBj3W','example-128@railstutorial.org',89,NULL,NULL,'$2a$10$cIr9DPqDBK8D5R2apaOXp.k27xDNvFyu4nT.pOxpyoMlZ.vhpQ1Mm',NULL,NULL,NULL,NULL,NULL,'2017-08-20 17:28:11.305866','2017-08-20 17:28:21.791497');
INSERT INTO "users" VALUES(90,'Student','Awesome','Jayce','Ullrich','ju90','$2a$10$o7pQZyiBrx9Y/iKbXV3jgOE.3bgYAS7Pymd.0baFxpeNBQfkITbXa','example-129@railstutorial.org',90,NULL,NULL,'$2a$10$w3NxYYH62KOBFa8d7aXr2O7rsXkvJ7T5aTshejqU35SJLDchVjJdy',NULL,NULL,NULL,NULL,NULL,'2017-08-20 17:28:11.546399','2017-08-20 17:28:21.901699');
INSERT INTO "users" VALUES(91,'Student','Awesome','Britney','Smitham','bs91','$2a$10$AnpbWZhO4rpUO0U1FwSYyuG8s94/zryux0Ppw/yfVK1Hh9Q6JCnae','example-130@railstutorial.org',91,NULL,NULL,'$2a$10$nRZ95MDlWY6ItqePC4zwV.ir9rHreD6.o9w/Wb3GVffAqNa3eJjOq',NULL,NULL,NULL,NULL,NULL,'2017-08-20 17:28:11.803108','2017-08-20 17:28:22.011830');
INSERT INTO "users" VALUES(92,'Student','Awesome','Quentin','Thiel','qt92','$2a$10$TNxoEq1MNctNYweCQtPFo.kOaNJ4lgIfZ5j7PzLaNUx8.k0FNFYYi','example-131@railstutorial.org',92,NULL,NULL,'$2a$10$8m7MXu1rCYcg4k6PH/A5EeXajvOVeuoScaNOxsjh.Putx34RAmSFW',NULL,NULL,NULL,NULL,NULL,'2017-08-20 17:28:12.037440','2017-08-20 17:28:22.122121');
INSERT INTO "users" VALUES(93,'Student','Awesome','Louisa','Bechtelar','lb93','$2a$10$9gN.Mqrgi2cWUhGUL0JrM.99jQOUZTw4p/x45QUneonn/FqUKofyy','example-132@railstutorial.org',93,NULL,NULL,'$2a$10$qZiYvI0tPncQysyZRDbU4OGssedP/8tXWHQC.7RKskcP26FpB6s.W',NULL,NULL,NULL,NULL,NULL,'2017-08-20 17:28:12.275895','2017-08-20 17:28:22.227538');
INSERT INTO "users" VALUES(94,'Student','Awesome','Demarcus','Kassulke','dk94','$2a$10$EQZMoPAbV9jsIDPmeLvGQuDGAYaqVoUbA6Qg9DIgx3uXZGiZ4Tqv.','example-133@railstutorial.org',94,NULL,NULL,'$2a$10$STbRwLap1cSSDLbJtpRcpOuMON0.BBmW121E7NiGjMd.C9OZXlZDC',NULL,NULL,NULL,NULL,NULL,'2017-08-20 17:28:12.511532','2017-08-20 17:28:22.329995');
INSERT INTO "users" VALUES(95,'Student','Awesome','Jessyca','Hansen','jh95','$2a$10$YYgQ7bpk9A/ibjUVKG5fKebdh.SpgZpUqePpcmhSH1WNP0ajH3yTu','example-134@railstutorial.org',95,NULL,NULL,'$2a$10$eAszJQgQrNLKz1QzrjT0e.BXc/LT.IG7HcaZ59X22/E05XFL6l0E2',NULL,NULL,NULL,NULL,NULL,'2017-08-20 17:28:12.747692','2017-08-20 17:28:22.437259');
INSERT INTO "users" VALUES(96,'Student','Awesome','Rosa','Hammes','rh96','$2a$10$ewWRuZjuMgZniWY2LVbANe5iOvcfOgSI/4vn8C/USpXbf1zFMZUIS','example-135@railstutorial.org',96,NULL,NULL,'$2a$10$jGMoRs0WvWY9K40z0HFkeugW9V4MopmngucJ/eVF3tnYnCiTyibPO',NULL,NULL,NULL,NULL,NULL,'2017-08-20 17:28:12.988166','2017-08-20 17:28:22.548635');
CREATE TABLE "schema_migrations" ("version" varchar NOT NULL PRIMARY KEY);
INSERT INTO "schema_migrations" VALUES('20170725202419');
INSERT INTO "schema_migrations" VALUES('20170721192753');
INSERT INTO "schema_migrations" VALUES('20170721202554');
INSERT INTO "schema_migrations" VALUES('20170721202613');
INSERT INTO "schema_migrations" VALUES('20170721202843');
INSERT INTO "schema_migrations" VALUES('20170721202801');
INSERT INTO "schema_migrations" VALUES('20170721202829');
INSERT INTO "schema_migrations" VALUES('20170721202628');
INSERT INTO "schema_migrations" VALUES('20170721193352');
INSERT INTO "schema_migrations" VALUES('20170721202527');
INSERT INTO "schema_migrations" VALUES('20170721202722');
INSERT INTO "schema_migrations" VALUES('20170721202853');
INSERT INTO "schema_migrations" VALUES('20170721202648');
INSERT INTO "schema_migrations" VALUES('20170721193423');
INSERT INTO "schema_migrations" VALUES('20170721202812');
INSERT INTO "schema_migrations" VALUES('20170721175849');
INSERT INTO "schema_migrations" VALUES('20170725200916');
CREATE TABLE "ar_internal_metadata" ("key" varchar NOT NULL PRIMARY KEY, "value" varchar, "created_at" datetime NOT NULL, "updated_at" datetime NOT NULL);
INSERT INTO "ar_internal_metadata" VALUES('environment','development','2017-08-20 17:27:48.809567','2017-08-20 17:27:48.809567');
DELETE FROM sqlite_sequence;
INSERT INTO "sqlite_sequence" VALUES('users',96);
INSERT INTO "sqlite_sequence" VALUES('seminars',3);
INSERT INTO "sqlite_sequence" VALUES('objectives',18);
INSERT INTO "sqlite_sequence" VALUES('objective_seminars',18);
INSERT INTO "sqlite_sequence" VALUES('seminar_students',85);
INSERT INTO "sqlite_sequence" VALUES('objective_students',512);
INSERT INTO "sqlite_sequence" VALUES('labels',9);
INSERT INTO "sqlite_sequence" VALUES('label_objectives',8);
INSERT INTO "sqlite_sequence" VALUES('pictures',6);
INSERT INTO "sqlite_sequence" VALUES('questions',50);
INSERT INTO "sqlite_sequence" VALUES('preconditions',1);
INSERT INTO "sqlite_sequence" VALUES('consultancies',1);
INSERT INTO "sqlite_sequence" VALUES('teams',2);
INSERT INTO "sqlite_sequence" VALUES('quizzes',3);
INSERT INTO "sqlite_sequence" VALUES('ripostes',15);
CREATE INDEX "index_consultancies_on_seminar_id" ON "consultancies" ("seminar_id");
CREATE INDEX "index_label_objectives_on_label_id_and_objective_id" ON "label_objectives" ("label_id", "objective_id");
CREATE INDEX "index_label_objectives_on_label_id" ON "label_objectives" ("label_id");
CREATE INDEX "index_label_objectives_on_objective_id" ON "label_objectives" ("objective_id");
CREATE INDEX "index_label_pictures_on_label_id_and_picture_id" ON "label_pictures" ("label_id", "picture_id");
CREATE INDEX "index_label_pictures_on_label_id" ON "label_pictures" ("label_id");
CREATE INDEX "index_label_pictures_on_picture_id" ON "label_pictures" ("picture_id");
CREATE INDEX "index_labels_on_user_id" ON "labels" ("user_id");
CREATE INDEX "index_objective_seminars_on_objective_id_and_seminar_id" ON "objective_seminars" ("objective_id", "seminar_id");
CREATE INDEX "index_objective_seminars_on_objective_id" ON "objective_seminars" ("objective_id");
CREATE INDEX "index_objective_seminars_on_seminar_id" ON "objective_seminars" ("seminar_id");
CREATE INDEX "index_objective_students_on_objective_id_and_user_id" ON "objective_students" ("objective_id", "user_id");
CREATE INDEX "index_objective_students_on_objective_id" ON "objective_students" ("objective_id");
CREATE INDEX "index_objective_students_on_user_id" ON "objective_students" ("user_id");
CREATE INDEX "index_objectives_on_user_id" ON "objectives" ("user_id");
CREATE INDEX "index_questions_on_label_id" ON "questions" ("label_id");
CREATE INDEX "index_questions_on_picture_id" ON "questions" ("picture_id");
CREATE INDEX "index_questions_on_user_id" ON "questions" ("user_id");
CREATE INDEX "index_quizzes_on_objective_id" ON "quizzes" ("objective_id");
CREATE INDEX "index_quizzes_on_user_id" ON "quizzes" ("user_id");
CREATE INDEX "index_ripostes_on_question_id" ON "ripostes" ("question_id");
CREATE INDEX "index_ripostes_on_quiz_id" ON "ripostes" ("quiz_id");
CREATE INDEX "index_seminar_students_on_seminar_id_and_user_id" ON "seminar_students" ("seminar_id", "user_id");
CREATE INDEX "index_seminar_students_on_seminar_id" ON "seminar_students" ("seminar_id");
CREATE INDEX "index_seminar_students_on_user_id" ON "seminar_students" ("user_id");
CREATE INDEX "index_seminars_on_user_id" ON "seminars" ("user_id");
CREATE INDEX "index_student_teams_on_team_id" ON "student_teams" ("team_id");
CREATE INDEX "index_student_teams_on_user_id_and_team_id" ON "student_teams" ("user_id", "team_id");
CREATE INDEX "index_student_teams_on_user_id" ON "student_teams" ("user_id");
CREATE INDEX "index_teams_on_consultancy_id" ON "teams" ("consultancy_id");
CREATE INDEX "index_teams_on_objective_id" ON "teams" ("objective_id");
COMMIT;
